Inbound Train No	Day No	Arriving time at receiving area	Receiving track No	Number of blocks    	Number of cars	Destination of blocks (number of cars)	Starting time of humping job	Ending time of humping job
i1	1	Day1,0:17	R1	19	30	AX(2);AR(4);AZ(1);AV(2);AY(2);AP(1);AD(1);AB(3);AJ(1);AM(1);AC(2);AN(2);AE(1);AG(1);BC(1);AW(1);AT(2);AK(1);AH(1);	Day1,1:2	Day1,1:15
i2	1	Day1,4:52	R1	23	50	AF(3);AW(8);AD(1);AX(3);BG(4);AK(2);AP(2);AI(1);BD(4);AU(2);AH(2);BF(2);AN(2);AY(2);AC(3);AS(1);AJ(2);AA(1);BE(1);AM(1);AV(1);BC(1);AL(1);	Day1,5:37	Day1,6:0
i4	1	Day1,7:12	R1	29	80	AJ(4);AK(3);AS(2);BD(2);AQ(3);AD(2);BG(3);AF(4);AE(2);AV(8);AA(3);AW(6);AZ(2);BF(1);BC(2);AN(2);AB(3);BE(3);AL(2);AH(2);AO(2);AC(2);AX(3);AU(1);AY(3);BB(1);AP(5);AR(2);AM(2);	Day1,7:57	Day1,8:33
i3	1	Day1,5:49	R2	19	30	AC(1);AX(2);AF(2);AK(2);AA(4);AV(1);BG(2);AD(4);AZ(1);AL(1);BB(1);AM(1);AR(1);AS(1);AY(1);AH(2);AW(1);AJ(1);AT(1);	Day1,8:43	Day1,8:57
i6	1	Day1,9:0	R1	28	70	AW(9);BG(2);AP(7);AK(6);AR(1);BE(1);AD(3);AX(2);AT(1);AU(1);AO(2);AS(1);BF(2);AH(10);AZ(3);AN(1);AQ(1);AB(2);AJ(3);AL(1);AV(2);AF(2);BD(2);BA(1);AI(1);AE(1);AC(1);AM(1);	Day1,9:45	Day1,10:16
i7	1	Day1,9:22	R2	22	50	AD(1);BE(2);AB(3);AP(3);AH(5);AV(6);AX(2);AQ(2);AW(5);BG(2);AI(1);AJ(3);AC(1);AR(2);AK(3);AF(3);AE(1);BC(1);BF(1);AN(1);AY(1);BA(1);	Day1,10:26	Day1,10:49
i8	1	Day1,9:53	R1	28	60	AL(2);AX(6);AV(3);AW(1);AR(2);AP(3);AH(7);AA(1);AM(1);AB(2);AI(1);AC(3);AJ(3);BD(1);AS(1);AE(2);BF(2);AU(1);AN(2);AD(2);AK(5);BG(1);BE(3);AZ(1);BB(1);AT(1);BC(1);AF(1);	Day1,10:59	Day1,11:26
i5	1	Day1,8:42	R3	24	50	AV(5);AR(1);BG(2);AQ(4);AH(3);AB(3);AI(2);AK(2);AW(3);AP(3);AX(1);AA(3);AO(1);AJ(1);AC(3);AY(2);BE(2);AN(2);AE(2);AM(1);AT(1);AD(1);AS(1);AF(1);	Day1,11:36	Day1,11:59
i10	1	Day1,14:2	R2	27	70	AY(5);AD(7);AE(2);AR(3);BG(2);BD(3);AG(1);AV(2);AB(1);AC(4);AM(3);AH(5);AK(4);AP(2);AJ(3);AX(2);BA(2);BC(1);AS(1);AW(5);AN(2);BF(2);BB(1);AQ(2);AU(3);AZ(1);AI(1);	Day1,14:47	Day1,15:19
i9	1	Day1,13:50	R4	24	50	BE(1);AM(1);AS(3);AY(2);AP(7);AV(3);BF(4);AW(2);AE(1);BD(3);BB(1);AK(3);AR(3);AL(2);AG(2);AX(1);AN(3);BG(1);AF(1);AH(1);AJ(1);AA(2);AQ(1);BA(1);	Day1,15:29	Day1,15:51
i13	1	Day1,14:47	R1	30	110	AD(2);AH(9);AM(3);AY(5);AX(8);AK(2);AL(3);BB(4);BG(4);AW(9);AV(9);AC(2);AA(8);AF(6);AT(3);AB(1);BF(4);AP(3);AE(3);BA(3);AR(3);AQ(1);AN(5);AS(1);BC(3);AO(1);AU(1);BD(2);AI(1);AJ(1);	Day1,16:1	Day1,16:51
i14	1	Day1,14:50	R2	24	70	AH(6);AE(3);BF(3);AP(3);AR(5);AJ(2);AF(4);AW(9);AX(4);AK(6);AD(4);AV(3);BG(1);AY(3);AC(1);AN(3);AO(2);AI(1);AT(1);AL(1);AB(2);AS(1);AZ(1);BB(1);	Day1,17:1	Day1,17:33
i15	1	Day1,14:50	R3	25	70	AC(4);AT(2);AR(7);AM(2);AP(2);AV(5);AJ(3);AH(8);AN(4);AU(1);BB(1);AK(8);AW(6);AF(2);AQ(2);BC(1);AZ(2);AA(1);AS(1);AL(1);AD(2);AX(1);BG(2);AB(1);AI(1);	Day1,17:43	Day1,18:15
i11	1	Day1,14:7	R5	26	50	BA(1);AH(5);AU(1);AK(4);AZ(3);AV(2);AN(2);AD(2);AW(2);AI(2);AE(1);AQ(1);BE(2);AP(2);AF(2);BB(3);AX(3);BG(2);AB(1);AR(2);BC(1);AM(1);AY(2);BD(1);AT(1);AC(1);	Day1,18:25	Day1,18:48
i19	1	Day1,18:6	R10	26	70	AE(3);AW(5);AS(5);AX(5);BB(3);AF(4);AY(4);AV(5);AM(1);AC(3);AQ(1);AU(2);AH(6);BE(1);AB(1);AP(3);AN(3);AZ(1);BG(4);AJ(1);BF(1);AG(1);AK(3);AR(2);AO(1);AD(1);	Day1,18:58	Day1,19:30
i16	1	Day1,15:28	R6	26	50	AH(3);AZ(1);AR(3);BB(1);AO(2);BG(1);AF(2);AW(4);AQ(3);AN(4);BD(2);AU(2);AE(1);AI(1);AC(1);AJ(2);AP(3);BE(1);AX(2);AM(1);AK(3);AB(2);BA(2);AS(1);BC(1);AD(1);	Day1,19:40	Day1,20:2
i12	1	Day1,14:22	R7	24	30	AD(2);BD(1);AU(1);AT(1);AM(2);AA(1);BF(1);BB(2);AK(2);AC(1);AY(1);AW(2);BE(1);AP(2);AL(1);AV(1);BC(1);AJ(1);AH(1);AB(1);AZ(1);AE(1);AS(1);AN(1);	Day1,20:12	Day1,20:26
i17	1	Day1,17:38	R8	19	30	AA(1);AK(2);AV(1);AH(2);AX(2);AP(3);AY(3);AZ(1);AG(1);AD(1);AW(3);BA(1);AU(2);AO(1);AQ(2);AR(1);AJ(1);AF(1);BG(1);	Day1,20:36	Day1,20:50
i18	1	Day1,18:0	R9	16	30	AX(1);AE(1);AW(3);AV(4);AC(3);AK(3);AJ(2);AM(1);AD(1);BC(1);AP(3);AI(1);AN(1);AH(3);BB(1);AF(1);	Day1,21:0	Day1,21:13
i24	2	Day2,1:49	R5	30	90	AR(6);AW(4);AL(2);AC(1);BB(1);AK(12);AS(2);AP(5);BG(3);AF(3);AO(1);AI(1);AX(4);AY(4);AN(2);AH(7);AA(2);AT(1);AD(3);AJ(3);AV(3);AQ(3);AE(2);BF(3);AU(2);AB(4);AZ(1);AG(1);AM(1);BE(3);	Day2,2:34	Day2,3:15
i25	2	Day2,2:8	R10	29	90	BC(3);AT(3);AY(2);AV(9);BF(2);AQ(4);AP(2);AB(3);AX(3);AH(4);AW(7);BG(5);AF(3);AC(2);AE(1);AJ(4);AZ(2);AO(3);AR(4);AK(7);AD(3);BB(3);BA(1);AG(2);AU(3);BE(1);AA(1);AN(2);AM(1);	Day2,3:25	Day2,4:6
i20	1	Day1,21:19	R1	29	80	AN(4);AH(10);BF(3);AR(6);BG(4);AW(4);AS(2);BB(3);AP(7);AI(1);AF(5);AM(1);AY(4);AZ(1);AQ(2);AO(1);AK(2);AG(1);AU(1);AC(2);AJ(2);AE(3);BD(1);BC(1);AX(2);AV(3);BA(1);AB(2);AA(1);	Day2,4:16	Day2,4:52
i23	1	Day1,23:58	R4	30	80	AE(2);AH(4);AA(4);AB(3);AW(9);AD(2);AG(1);AM(2);AP(9);AV(1);AR(1);AI(1);AF(4);BE(2);AL(3);BB(1);BG(1);AX(4);AN(5);BF(2);AQ(2);AY(2);AC(2);AS(2);AT(1);AJ(3);AK(4);BD(1);BC(1);AZ(1);	Day2,5:2	Day2,5:38
i22	1	Day1,23:2	R3	27	70	AR(2);AW(7);AC(4);AB(4);AA(2);BG(5);AH(4);AO(1);AU(1);AP(6);AZ(1);AT(4);AK(5);AV(2);BC(1);AY(2);BB(2);AD(3);AN(2);BF(1);AQ(2);AJ(1);AX(2);AG(1);AF(2);AL(1);AM(2);	Day2,5:48	Day2,6:20
i21	1	Day1,21:29	R2	24	40	AV(1);AP(1);AN(2);AQ(1);BC(1);BB(3);BG(2);AF(3);AJ(1);AU(1);AR(1);AW(3);BD(1);AC(2);AA(2);AK(2);AH(3);BE(1);AE(3);BF(2);AD(1);AX(1);AI(1);AM(1);	Day2,6:30	Day2,6:48
i26	2	Day2,4:5	R5	19	30	AG(1);AY(1);AH(2);AN(1);AD(1);AL(2);AK(2);AR(4);AE(1);AP(2);AV(1);AB(2);AJ(1);AX(3);AW(2);BG(1);AS(1);BB(1);AT(1);	Day2,6:58	Day2,7:12
i27	2	Day2,6:21	R6	17	30	AU(2);AH(2);AF(1);AD(2);AN(3);AP(3);AY(1);AW(6);AV(1);BA(1);AR(1);AL(2);AJ(1);BF(1);AO(1);AA(1);AB(1);	Day2,7:22	Day2,7:36
i33	2	Day2,11:16	R5	29	100	AK(6);AD(10);BE(1);AH(11);BB(2);AN(6);BC(3);AY(3);AW(5);AU(4);BG(4);AS(2);AB(6);AF(2);AP(5);AT(1);BA(1);AM(2);AX(4);AR(7);AA(3);AV(2);AJ(1);AL(1);BF(3);AO(1);BD(1);AE(2);AC(1);	Day2,12:1	Day2,12:47
i28	2	Day2,7:32	R7	25	100	AV(7);AR(8);AH(8);AY(10);AK(5);BB(5);AF(7);AO(1);BF(2);AJ(2);AN(5);AC(2);AD(1);AX(5);AS(4);AE(4);AB(3);AZ(1);AW(9);AP(3);BD(2);AL(1);BG(2);BE(1);AQ(2);	Day2,12:57	Day2,13:42
i31	2	Day2,10:14	R3	27	90	AV(9);AH(4);AJ(2);AW(10);AB(2);AS(1);AX(4);AK(7);BD(2);AY(5);AI(2);BC(3);AP(3);AN(7);BG(4);AR(4);BF(4);AM(3);AU(3);AZ(1);AE(1);AF(2);AT(2);AA(1);AC(1);AL(2);BB(1);	Day2,13:52	Day2,14:33
i34	2	Day2,12:4	R6	27	70	AH(9);AK(4);AO(1);AE(5);AQ(2);AN(3);AJ(3);BE(1);AF(4);AX(5);AW(7);BB(3);AC(1);AP(3);AT(1);AG(1);BF(1);AV(2);BD(1);AU(3);AB(1);AZ(2);AM(1);BG(2);AD(2);AY(1);BA(1);	Day2,14:43	Day2,15:15
i29	2	Day2,8:19	R1	27	60	AY(6);AV(3);AJ(2);AP(3);BG(3);AN(3);AX(4);AU(1);AI(1);AH(4);AE(4);AD(2);AL(1);BB(1);AB(3);AG(2);BC(1);AW(4);AR(1);AK(2);BA(1);AF(1);AC(2);AM(1);BE(2);AA(1);AQ(1);	Day2,15:25	Day2,15:52
i32	2	Day2,11:6	R4	23	60	AP(3);AD(2);AK(6);AR(4);AH(3);AJ(3);BC(1);AC(5);BE(3);AV(3);AX(5);AN(4);AQ(1);BF(3);AB(2);AL(2);AA(3);AO(1);BG(2);BD(1);AS(1);AZ(1);AI(1);	Day2,16:2	Day2,16:30
i30	2	Day2,9:28	R2	20	50	AE(5);AW(3);AI(1);AH(7);AL(3);AP(6);AF(2);BG(3);AV(2);AD(3);AT(1);BB(2);AY(2);AB(1);AM(2);AX(3);AS(1);AG(1);AA(1);AC(1);	Day2,16:40	Day2,17:2
i37	2	Day2,16:5	R7	24	60	AV(4);AY(3);AW(8);AK(2);AE(2);AR(5);AP(7);AH(2);AM(1);AT(1);AF(3);AX(2);BB(1);AD(4);AN(1);AJ(1);AO(1);AC(4);BE(1);AB(2);BA(1);BF(1);BC(1);BG(2);	Day2,17:12	Day2,17:40
i36	2	Day2,14:35	R3	28	50	AR(2);AF(3);BE(4);AK(3);AQ(3);AW(5);AM(1);AG(1);AH(4);BA(1);AV(1);AP(1);AU(2);BG(1);BF(2);AN(1);AC(2);AE(1);AY(2);AX(1);AB(1);AZ(1);AA(2);AJ(1);AS(1);BB(1);AT(1);BC(1);	Day2,17:50	Day2,18:12
i35	2	Day2,14:28	R5	18	30	AM(3);AY(4);AF(2);AC(1);AN(1);AD(1);BG(3);BF(2);AU(2);AW(1);AK(2);AP(1);AX(2);AO(1);AE(1);AH(1);AR(1);BC(1);	Day2,18:22	Day2,18:36
i40	2	Day2,20:7	R9	25	80	AW(8);BC(1);AH(12);AT(2);AV(4);AR(3);AP(6);BB(2);AE(5);BG(4);BE(2);AA(1);AB(3);AN(5);AO(1);AD(2);AM(2);AJ(2);AY(5);BF(1);AU(2);AK(4);AS(1);AF(1);AI(1);	Day2,20:52	Day2,21:29
i38	2	Day2,18:39	R8	23	40	AH(5);AJ(4);BE(2);AM(3);AR(1);AK(2);AU(1);AT(1);AD(2);AN(2);AP(1);AW(1);AI(1);AY(1);BF(3);AC(2);BA(1);BB(1);AV(1);BG(2);BC(1);AQ(1);AL(1);	Day2,21:39	Day2,21:57
i42	2	Day2,21:10	R1	25	90	AP(9);AE(5);AX(6);AV(8);AK(6);AY(3);AH(8);AA(3);AS(1);AF(5);AN(2);AU(2);BD(2);BG(3);AI(2);BF(3);AC(3);AJ(5);AW(3);AR(3);AM(1);AD(2);AZ(1);BB(1);AT(3);	Day2,22:7	Day2,22:48
i43	2	Day2,21:49	R2	19	40	AC(1);BE(1);AK(5);AH(4);BG(2);AE(3);AR(3);AZ(2);BB(3);AQ(1);AX(1);AN(2);BC(1);AJ(2);AG(3);BF(2);AV(1);AU(2);AD(1);	Day2,22:58	Day2,23:16
i44	2	Day2,22:28	R3	30	120	AH(11);BE(4);AN(5);AU(2);AZ(3);AD(7);AS(2);BF(8);AJ(6);AV(6);AF(8);AP(6);AY(5);BB(3);AT(4);AR(2);AW(9);AX(7);AE(3);AK(2);AB(1);AO(2);BG(2);BC(1);AQ(2);AG(2);AM(2);AC(2);BA(2);AA(1);	Day2,23:26	Day3,0:20
i41	2	Day2,20:10	R10	23	40	AM(2);AO(1);AX(5);AF(4);AV(2);AT(2);AP(3);BE(2);BD(1);AK(1);AB(1);BB(2);AR(3);AQ(1);BG(1);AC(1);AH(2);AU(1);AA(1);AE(1);AG(1);AW(1);AD(1);	Day3,0:30	Day3,0:49
i45	2	Day2,23:51	R4	27	60	AF(2);AX(4);AN(6);AH(4);AP(5);AR(2);AA(3);AJ(4);AT(2);AS(1);AC(1);AW(4);BD(1);BA(1);AD(6);AI(1);AO(1);BG(1);BB(2);AK(2);BC(1);AY(1);AL(1);AZ(1);AB(1);BE(1);AV(1);	Day3,0:59	Day3,1:26
i46	3	Day3,0:24	R5	22	40	BE(2);AC(4);AP(3);AT(1);AK(2);BF(1);AF(6);AH(3);AW(2);AX(1);AE(2);AO(1);BB(1);BD(1);AB(1);AG(1);AJ(1);AR(1);AV(3);AN(1);AM(1);AU(1);	Day3,1:36	Day3,1:54
i47	3	Day3,1:3	R7	22	60	AW(6);BC(3);AZ(2);AQ(1);AH(2);AP(3);AU(1);AN(4);AV(5);AB(6);AR(4);AM(1);AY(6);AE(1);BG(3);AA(3);AF(1);BE(3);AT(1);AJ(1);AD(2);BB(1);	Day3,2:4	Day3,2:31
i39	2	Day2,19:38	R6	16	30	AK(1);AH(4);AT(1);AJ(3);BG(2);AN(2);AA(1);AW(3);AP(3);AF(2);AX(1);BE(2);AS(1);BF(2);AD(1);AB(1);	Day3,2:41	Day3,2:55
i48	3	Day3,1:21	R8	17	30	AB(1);AG(1);AW(1);AH(4);AN(1);AE(5);AF(2);AX(3);AA(1);BG(1);BE(2);AS(1);AM(3);AD(1);AC(1);BB(1);AR(1);	Day3,3:5	Day3,3:19
i52	3	Day3,8:47	R4	24	70	AT(2);AY(3);AK(2);AW(4);AC(2);AU(3);AP(4);BF(1);AX(3);AF(8);BC(2);AH(10);AR(3);BG(2);AE(3);AS(3);AV(3);AD(3);BB(3);AM(2);AB(1);AO(1);AA(1);AZ(1);	Day3,9:32	Day3,10:4
i51	3	Day3,7:52	R3	25	60	AU(2);AD(2);AF(2);BG(3);AY(2);AP(4);AH(6);AO(1);AW(8);AN(4);AK(3);AQ(1);BE(1);AV(1);AA(4);AR(1);AX(4);AE(1);AJ(1);BC(1);AB(2);AM(1);BB(2);AC(1);BF(2);	Day3,10:14	Day3,10:41
i49	3	Day3,4:25	R1	24	50	AQ(1);AH(4);AB(2);AN(2);AY(1);BD(1);AD(3);AV(1);BG(4);AP(4);AM(1);BF(2);AR(1);AE(2);AF(2);AX(3);AO(1);AC(1);AU(4);AJ(3);AW(3);AG(1);AK(2);BB(1);	Day3,10:51	Day3,11:14
i50	3	Day3,7:38	R2	20	50	AJ(2);AC(3);BC(2);AX(2);AV(3);AK(4);AR(4);BD(2);AB(3);AL(2);AS(1);AD(3);AW(2);AA(2);AP(5);AM(1);BE(1);AH(6);AY(1);AU(1);	Day3,11:24	Day3,11:47
i54	3	Day3,10:18	R4	19	50	AP(3);AR(4);AN(4);AH(7);AV(6);BG(1);AG(2);BC(1);AF(4);AK(2);AW(5);AB(2);AL(1);AT(1);AQ(2);AJ(1);AX(2);AM(1);AE(1);	Day3,11:57	Day3,12:19
i55	3	Day3,11:22	R6	31	100	AH(8);BG(5);AV(7);AE(3);AN(7);AR(2);AB(2);AO(3);AX(6);AK(5);AS(3);BC(1);AD(3);BB(1);AT(2);AW(6);BD(1);AY(1);AP(3);AU(1);AF(5);AA(3);BF(2);AJ(5);BE(4);BA(1);AI(2);AC(3);AG(1);AQ(3);AZ(1);	Day3,12:29	Day3,13:15
i56	3	Day3,12:17	R7	26	80	AL(2);AH(6);BA(1);AZ(2);AJ(5);AN(5);AV(2);AM(1);AR(5);BB(2);AC(4);AX(1);AD(5);AW(6);AY(5);BF(3);AS(1);BC(4);AF(4);AP(5);AA(2);AK(1);BE(4);AG(1);AQ(1);AE(2);	Day3,13:25	Day3,14:1
i58	3	Day3,13:9	R9	30	90	AH(12);BG(2);AU(3);AK(2);AR(3);AF(5);AW(6);AA(2);AJ(3);AX(2);AP(3);AI(2);BB(4);AD(4);AB(3);AN(3);BF(3);AV(3);AO(1);AY(3);AE(4);AG(2);BE(3);BC(2);AZ(2);AM(3);BD(1);AL(2);AQ(1);AS(1);	Day3,14:11	Day3,14:52
i60	3	Day3,13:48	R3	27	90	BD(1);AD(2);AX(2);AB(5);BB(3);AV(7);BC(1);AZ(2);AH(7);AJ(7);AR(3);AW(8);AY(3);AE(3);AK(5);AF(2);AU(1);BF(4);BE(4);AP(7);BG(3);AA(1);AN(4);AQ(1);AT(2);AG(1);BA(1);	Day3,15:2	Day3,15:43
i62	3	Day3,14:49	R1	27	90	BF(6);AK(3);AJ(6);AX(5);AA(2);AY(5);AD(4);AZ(1);AQ(3);AB(4);AM(2);AR(4);AP(8);AF(3);AU(3);BG(2);AW(10);BD(3);AV(3);AH(3);AC(2);AL(2);BC(2);AG(1);AN(1);BB(1);AI(1);	Day3,15:53	Day3,16:34
i63	3	Day3,15:10	R4	28	80	AM(3);AS(5);AD(3);AW(9);AN(5);AU(3);AL(3);AV(1);AP(6);AE(1);BA(1);BB(2);AH(6);AK(5);AB(2);AQ(3);AI(1);BC(4);BD(1);BG(2);AJ(4);AT(2);AY(1);AC(3);AF(1);AZ(1);AR(1);AO(1);	Day3,16:44	Day3,17:20
i64	3	Day3,16:42	R6	30	110	AH(7);AT(1);BB(5);AU(2);AV(7);AX(5);BC(4);AE(3);AJ(7);BG(3);AR(6);AF(3);AC(3);AN(8);AL(1);BE(1);AW(6);AA(3);BF(4);AB(2);AD(3);BA(3);AP(7);AM(1);AQ(2);AY(3);AG(2);AK(5);AZ(1);AS(2);	Day3,17:30	Day3,18:20
i65	3	Day3,17:10	R7	26	90	AH(6);BF(4);BC(5);AS(1);AX(8);AK(8);AJ(6);AN(4);AD(3);BE(4);AC(2);BG(5);AV(3);AP(3);AQ(2);AW(3);AA(4);AB(5);BB(3);AY(2);AE(3);AM(1);AR(2);BD(1);AF(1);BA(1);	Day3,18:30	Day3,19:11
i66	3	Day3,17:25	R9	27	70	AR(1);AH(5);AD(4);AE(2);AS(3);AV(4);AF(3);BE(1);BG(4);AU(2);AB(5);AA(4);AT(3);AC(3);BF(1);BD(1);AN(2);AQ(2);BA(1);AW(2);AX(1);AZ(2);AK(2);AP(5);AY(4);AJ(2);AO(1);	Day3,19:21	Day3,19:53
i53	3	Day3,9:7	R5	21	50	BE(2);AX(4);AJ(6);AT(4);AH(3);AF(3);AP(4);BG(2);AB(4);BB(2);AN(1);AR(1);AC(2);AU(1);AV(2);AY(2);AW(3);AI(1);AE(1);AK(1);AA(1);	Day3,20:3	Day3,20:26
i59	3	Day3,13:34	R10	23	50	AH(4);AW(3);AQ(3);AP(2);AA(1);BG(1);AJ(3);AS(2);AU(1);AD(4);AN(3);AF(2);AR(4);AK(3);AV(2);AX(4);BF(1);BE(2);AM(1);AC(1);AG(1);AB(1);AY(1);	Day3,20:36	Day3,20:59
i61	3	Day3,14:16	R2	20	40	AN(2);AL(1);AF(2);AM(2);AW(1);AJ(3);AH(3);AR(3);AO(1);AE(2);AX(2);AP(2);AK(6);AY(2);BE(1);AD(3);AV(1);AQ(1);AU(1);BF(1);	Day3,21:9	Day3,21:27
i68	3	Day3,20:35	R3	21	50	AW(7);AF(6);AJ(2);AN(1);AX(1);AY(1);AC(2);AS(1);AK(5);AH(4);BF(3);AD(3);AE(2);AP(3);BC(1);AU(3);AT(1);AB(1);AG(1);AQ(1);AZ(1);	Day3,21:37	Day3,21:59
i69	3	Day3,21:13	R4	26	80	AG(4);AN(3);AP(9);AK(5);AV(4);BG(4);AH(4);AM(2);AD(4);AJ(4);AU(2);AC(1);AX(8);BE(3);BB(1);AW(4);BF(1);AF(3);AE(3);AB(3);AQ(1);AR(2);AA(1);BD(1);AY(2);AO(1);	Day3,22:9	Day3,22:46
i57	3	Day3,13:1	R8	20	40	AC(1);AF(2);AP(3);AE(4);AQ(1);AJ(2);AY(1);BF(1);BE(2);AH(8);AK(1);AD(3);AV(4);AR(1);AI(1);AX(1);AS(1);AA(1);AN(1);BB(1);	Day3,22:56	Day3,23:14
i67	3	Day3,19:10	R1	16	30	AR(2);AV(2);BB(1);AY(2);AF(3);AJ(2);AH(3);BG(3);AP(2);BD(1);AM(1);AX(1);AD(3);AC(2);AT(1);AK(1);	Day3,23:24	Day3,23:38
i74	4	Day4,6:4	R10	27	90	BG(7);BA(3);BF(3);AC(3);AK(2);AN(3);AY(6);AM(2);AV(7);BE(6);BB(2);AH(6);AB(3);AU(3);AJ(6);AD(2);AW(7);AL(1);AP(5);AR(4);AS(2);AF(2);AT(1);AA(1);BC(1);AG(1);AX(1);	Day4,6:49	Day4,7:30
i71	4	Day4,4:7	R7	26	80	AV(7);AW(8);AG(1);AD(4);AH(4);AP(7);BG(4);AI(1);AA(1);AF(4);AJ(2);AY(5);AE(5);AR(2);BF(2);AQ(2);AB(2);BC(2);AN(4);AM(2);AZ(3);AL(1);AK(4);AT(1);BB(1);BD(1);	Day4,7:40	Day4,8:17
i70	4	Day4,2:9	R6	22	70	AG(2);BG(1);AB(3);AU(3);AW(11);AV(6);BB(4);AD(4);BE(1);AK(4);AX(5);AH(7);AT(2);AP(3);AR(4);AY(2);AC(1);AN(3);AJ(1);AA(1);AM(1);AI(1);	Day4,8:27	Day4,8:59
i77	4	Day4,7:54	R3	28	120	AD(7);AR(6);AE(5);AH(9);AV(8);BG(6);BA(1);AW(9);BB(4);AC(3);AK(6);BE(2);AO(2);AQ(2);AX(9);AF(5);AN(5);AL(1);AP(3);AJ(6);BF(2);AU(4);AS(2);AM(3);AI(1);AY(6);AB(2);AT(1);	Day4,9:9	Day4,10:3
i79	4	Day4,8:49	R8	26	70	BG(5);AF(4);AB(4);AW(8);AH(9);BE(1);AY(1);AT(4);AX(4);BF(2);AU(2);AI(1);AV(2);AJ(3);AP(3);BB(2);AC(1);BD(2);AN(4);AK(1);AR(1);AM(1);BC(2);AA(1);AD(1);AS(1);	Day4,10:13	Day4,10:45
i72	4	Day4,5:16	R5	26	60	AC(3);BF(2);AY(3);AP(2);AH(11);AF(2);AR(5);AX(1);AE(2);AB(2);AU(2);BC(1);BA(2);AT(3);AN(3);AQ(1);AK(1);AV(2);AZ(1);BB(1);AW(3);AD(1);AI(1);AS(2);AJ(1);AL(2);	Day4,10:55	Day4,11:22
i75	4	Day4,6:15	R1	25	50	AF(3);AR(3);BG(2);AS(1);AV(5);AN(2);AT(1);BD(1);AE(2);AW(5);BC(1);BE(3);AP(2);AH(1);AK(2);AB(1);AY(2);AA(1);AX(2);AJ(3);AD(2);BF(1);BA(2);AC(1);AU(1);	Day4,11:32	Day4,11:55
i80	4	Day4,10:7	R10	22	50	BF(2);AM(1);AH(5);AK(2);AJ(1);BD(1);BG(3);AP(7);AW(5);AG(1);AX(4);AQ(1);AY(1);AC(3);AE(1);AN(2);AT(1);AV(4);BA(2);AF(1);AA(1);BC(1);	Day4,12:5	Day4,12:28
i78	4	Day4,8:47	R4	20	40	AL(1);AP(5);AW(2);AU(3);BE(2);AH(2);AR(2);AN(1);AZ(1);AK(1);BG(2);AY(5);AJ(3);AB(3);AS(1);AE(1);AQ(1);AV(2);AF(1);AM(1);	Day4,12:38	Day4,12:56
i73	4	Day4,5:48	R9	25	40	BB(1);AV(3);AN(2);AF(2);AU(2);AB(2);AQ(1);AC(1);AX(1);AR(2);AH(2);BC(1);AE(1);AL(1);AJ(3);AY(4);AW(3);BE(1);BA(1);BF(1);BD(1);AT(1);AK(1);AP(1);AI(1);	Day4,13:6	Day4,13:24
i81	4	Day4,12:28	R3	25	60	AD(3);BE(1);AP(4);AF(7);AK(1);AS(4);AV(2);AW(6);AJ(2);AX(1);AB(2);AY(3);AH(4);BB(1);AT(2);AM(2);AR(3);AU(3);AG(1);BA(1);BF(1);BG(2);AN(2);AA(1);AZ(1);	Day4,13:34	Day4,14:1
i76	4	Day4,7:24	R2	18	30	AC(2);AO(1);AX(2);AQ(2);BB(2);AF(4);AD(2);BD(1);AY(2);AE(1);AB(1);AM(2);AA(1);AR(2);AW(1);AL(1);AN(1);AK(2);	Day4,14:11	Day4,14:25
i84	4	Day4,15:46	R7	29	110	AC(6);AW(11);BF(3);AG(3);AQ(2);AF(7);AN(6);AR(5);AP(5);AZ(4);AE(2);AA(5);AV(3);AK(3);AH(5);AX(5);AO(1);AI(1);AY(6);AU(1);BG(4);AJ(5);AD(4);AS(4);AT(2);AB(3);BD(1);BA(2);BE(1);	Day4,16:31	Day4,17:21
i83	4	Day4,14:28	R5	26	100	AH(6);AC(5);AW(10);AR(7);BG(3);AK(6);AD(4);AE(1);AU(4);AY(1);AN(4);AJ(6);BB(9);AX(1);AP(10);AF(4);AG(2);AM(1);AV(3);AQ(1);AO(2);BD(2);BC(4);BF(2);AS(1);AA(1);	Day4,17:31	Day4,18:16
i86	4	Day4,17:39	R2	29	70	BB(1);AV(2);AM(3);AJ(3);AB(3);BC(3);AN(3);AA(4);AE(1);AY(3);BF(2);AP(8);AG(1);AX(3);AR(1);BA(1);AQ(3);AD(3);BG(1);AF(2);AW(2);AI(1);AH(5);AT(2);AS(1);AC(4);AU(1);AK(1);BE(2);	Day4,18:26	Day4,18:58
i85	4	Day4,17:0	R1	22	60	AP(5);AE(1);AN(1);AG(1);AR(5);AY(3);AW(5);AH(9);AC(4);AM(2);AO(1);AJ(3);BE(1);AZ(1);AU(2);AF(3);AK(5);AB(3);AV(2);BB(1);BA(1);AA(1);	Day4,19:8	Day4,19:35
i88	4	Day4,18:46	R4	28	100	AX(9);AF(3);AP(6);BE(1);AJ(8);AT(2);AB(1);AW(12);AD(2);AH(10);AN(4);BB(3);AC(1);AV(4);AZ(3);AU(3);AQ(2);AK(7);AS(1);AR(3);AA(2);AE(3);BG(4);AL(1);AY(1);AO(1);AG(2);BF(1);	Day4,19:45	Day4,20:31
i89	4	Day4,18:56	R7	27	80	AR(3);AY(1);AM(3);AK(7);BG(3);BE(6);AH(8);AV(5);AE(4);AC(1);AF(4);AP(6);AA(2);AX(3);AW(3);BD(1);AJ(4);AD(2);AT(2);BF(3);AZ(1);BC(2);AU(1);AG(2);AB(1);AN(1);AS(1);	Day4,20:41	Day4,21:17
i90	4	Day4,20:9	R8	26	60	AY(2);AP(5);AV(2);AR(3);AK(3);AU(1);AW(6);AB(1);AH(5);AN(2);AG(1);AA(2);AX(6);AD(3);BB(2);BE(1);AM(1);BD(1);AE(1);BF(2);AS(1);AT(1);BC(1);AF(4);AC(2);AJ(1);	Day4,21:27	Day4,21:54
i87	4	Day4,18:13	R3	24	50	AU(2);AE(1);AP(2);AF(1);AH(6);AT(1);AW(2);BC(1);BD(1);AS(2);AR(5);BG(4);BB(2);AN(1);AX(3);AC(2);BE(3);AD(2);AL(1);AV(2);AK(3);AY(1);AB(1);AO(1);	Day4,22:4	Day4,22:27
i82	4	Day4,14:11	R6	22	40	AT(2);BD(1);BE(2);AM(1);AH(1);AX(1);AW(5);AI(1);AD(3);AK(3);AS(2);BG(2);AV(2);AY(2);BA(1);AR(2);AN(1);AP(3);AC(2);AE(1);BB(1);AQ(1);	Day4,22:37	Day4,22:55
i91	4	Day4,22:42	R9	28	90	AJ(5);AK(5);AR(3);AW(8);AQ(4);AS(2);BG(2);AC(1);AH(6);AV(6);AN(2);AX(6);AP(6);BE(3);BF(4);AT(1);BD(4);BB(3);AA(2);AY(3);AM(1);AB(1);AF(3);AE(1);AD(3);AL(1);BA(1);BC(3);	Day4,23:27	Day5,0:7
i93	5	Day5,0:14	R2	24	80	AH(8);AW(4);AC(4);AR(5);AA(1);BG(5);AP(10);AK(8);AX(5);AY(4);BB(1);AF(5);AI(2);AB(2);BE(3);AM(1);AJ(2);AT(1);AV(3);AN(1);BF(2);AZ(1);AS(1);AD(1);	Day5,0:59	Day5,1:35
i92	4	Day4,23:47	R5	25	50	AK(4);BF(2);AN(2);AF(6);AE(3);AO(1);AP(2);AH(1);BB(1);AJ(3);AW(5);AX(2);AB(1);AY(1);AZ(1);AC(4);AA(1);AR(3);AQ(1);BD(1);BG(1);AI(1);BE(1);AV(1);AU(1);	Day5,1:45	Day5,2:8
i94	5	Day5,1:26	R1	25	50	AR(4);AE(2);AB(2);AX(3);BE(3);BG(4);AA(2);AG(3);AN(2);AZ(1);BF(3);AV(3);AC(1);BC(2);AF(2);AP(1);AH(2);AY(1);AK(2);AD(1);AJ(1);BB(2);AM(1);AS(1);AI(1);	Day5,2:18	Day5,2:41
i97	5	Day5,3:21	R4	28	100	AK(6);AA(3);BE(4);BF(3);AP(9);AX(7);AH(9);AC(5);AY(6);AW(3);BD(3);AF(4);AS(3);AR(3);AB(4);AD(3);AZ(2);AN(1);AE(5);AG(1);BG(4);BB(1);AJ(3);AT(2);AV(3);BA(1);AQ(1);AU(1);	Day5,4:6	Day5,4:51
i101	5	Day5,4:2	R7	28	100	AH(7);AY(5);AU(2);AM(4);BD(5);AC(7);AJ(1);AB(3);AR(10);AA(3);AP(2);AE(1);AW(12);AL(1);BG(5);AG(1);AK(6);BF(2);AX(3);AN(3);BC(2);AZ(2);AV(3);AD(3);AQ(2);AS(1);AF(3);BB(1);	Day5,5:1	Day5,5:47
i102	5	Day5,5:0	R10	32	80	AS(2);AE(2);AW(2);AN(3);AL(1);AK(3);AX(3);AD(5);AB(3);BF(3);AH(5);BG(4);AP(7);AR(5);AY(4);AF(2);AA(3);BD(1);AT(1);BC(2);AJ(2);AC(2);AU(3);AZ(1);AV(2);BE(2);AO(2);BB(1);AQ(1);AM(1);AI(1);AG(1);	Day5,5:57	Day5,6:33
i98	5	Day5,3:36	R6	26	70	AX(4);AH(3);AC(3);BC(3);AB(3);AR(3);AN(5);AP(6);AJ(3);BG(2);AW(8);AY(3);AK(1);BF(2);AV(6);AF(3);AZ(1);AL(1);AD(1);AT(1);AU(2);BA(1);BE(1);AO(2);AE(1);AA(1);	Day5,6:43	Day5,7:15
i96	5	Day5,2:33	R3	21	50	AV(4);AH(6);AZ(1);AP(3);AJ(5);AC(2);AY(4);AD(4);BE(2);AU(2);AQ(1);AN(2);AE(4);AF(1);AR(1);AA(1);BB(1);AX(2);AK(1);BG(2);AW(1);	Day5,7:25	Day5,7:48
i104	5	Day5,6:49	R1	25	60	AH(7);AY(4);BE(2);AK(5);AE(1);AD(4);AA(1);BF(1);AP(5);AJ(3);AR(1);AG(2);AV(2);AL(1);AU(1);AC(5);AM(2);BB(2);BG(2);AX(2);AS(1);AN(1);AQ(2);AF(1);AW(2);	Day5,7:58	Day5,8:25
i105	5	Day5,7:30	R4	24	60	AW(6);AU(4);AY(1);AD(2);AH(7);AX(4);AJ(3);AB(4);AE(2);AM(1);BG(3);AR(3);AI(1);AP(1);AA(2);AZ(1);AV(3);AF(2);AN(2);AC(2);AK(2);BF(2);BE(1);AS(1);	Day5,8:35	Day5,9:2
i106	5	Day5,8:9	R6	23	50	AN(5);AK(2);AW(3);AB(1);AP(1);AL(1);AX(3);AJ(5);AH(2);AU(2);AE(1);AF(7);AA(2);AT(1);AY(5);BD(1);BG(2);AR(1);AM(1);AD(1);AV(1);BB(1);BE(1);	Day5,9:12	Day5,9:35
i107	5	Day5,8:43	R7	25	70	AW(6);AF(1);BE(1);BB(4);BG(5);AV(3);AN(6);AA(3);AB(2);AR(2);AJ(2);AY(7);AO(2);AH(6);AQ(2);BD(2);AS(3);AL(2);AD(1);AE(2);AP(4);BC(1);AX(1);AZ(1);AT(1);	Day5,9:45	Day5,10:17
i108	5	Day5,8:45	R10	24	60	AV(4);AW(4);AK(8);BE(1);AR(3);AT(4);AH(4);AD(4);AF(4);AL(1);AB(3);AQ(2);AY(1);AI(1);AJ(2);AM(3);BC(1);AE(3);AX(1);BB(1);AG(1);BG(1);AN(2);BF(1);	Day5,10:27	Day5,10:54
i100	5	Day5,3:48	R8	22	50	AN(5);AP(2);AU(3);AX(4);AH(1);AS(3);AE(2);AT(2);AO(1);AV(3);AW(5);AL(2);AR(3);BD(2);AK(2);AC(2);BC(1);AD(2);BA(1);AY(2);AF(1);BF(1);	Day5,11:4	Day5,11:27
i95	5	Day5,2:20	R2	19	40	AE(4);AV(3);AK(3);AP(4);AH(2);AJ(2);AC(1);BG(3);AR(1);AF(3);AN(2);AO(2);AW(2);AG(1);BA(1);AY(3);BE(1);AB(1);AD(1);	Day5,11:37	Day5,11:55
i103	5	Day5,6:44	R5	16	30	BD(1);AP(1);BG(1);AN(4);AH(6);BF(3);AD(1);BC(2);AF(2);AS(2);AJ(1);BB(2);AV(1);AI(1);AG(1);AO(1);	Day5,12:5	Day5,12:19
i109	5	Day5,11:24	R1	28	100	AN(7);AV(7);AW(12);AJ(3);AY(4);BG(5);AE(3);AK(4);AT(2);AH(5);AR(2);AX(4);BC(1);AP(2);AU(3);AF(5);AA(4);AL(1);BF(7);BB(1);AM(3);AI(3);AB(2);AC(2);BE(3);AD(3);AG(1);AO(1);	Day5,12:29	Day5,13:14
i99	5	Day5,3:48	R9	16	30	AJ(3);AP(2);AH(3);AQ(3);AV(3);AF(2);AL(1);AR(4);AN(1);AE(1);AK(2);AU(1);AB(1);AD(1);AC(1);AW(1);	Day5,13:24	Day5,13:38
i111	5	Day5,13:13	R4	28	120	AX(4);AB(8);AA(4);BB(4);AY(7);AW(12);BG(4);AP(7);AV(7);AC(3);BF(1);AN(4);AF(4);BE(6);BC(5);AD(2);AH(8);AJ(7);AK(5);AQ(3);AR(5);BA(2);BD(1);AZ(1);AE(2);AI(1);AU(1);AS(2);	Day5,13:58	Day5,14:52
i112	5	Day5,14:17	R1	29	90	AH(9);AJ(3);BG(6);AR(3);AT(3);AS(4);AK(5);AX(3);AQ(2);AW(7);AY(1);BC(4);AN(3);AV(5);AG(1);AZ(1);AU(2);AC(1);AI(2);AL(1);BE(1);AD(5);AM(1);BF(4);AP(2);AA(4);BA(1);AB(2);AF(4);	Day5,15:2	Day5,15:43
i110	5	Day5,13:6	R3	28	90	AD(3);AW(8);AS(3);BB(4);AJ(4);AM(1);AP(5);AE(2);AC(2);AV(7);AY(4);BE(3);AN(3);AT(1);AX(4);AH(8);AR(4);AF(3);BG(2);AQ(6);AU(3);AI(2);AG(1);AB(1);BF(1);AL(1);AK(3);AA(1);	Day5,15:53	Day5,16:34
i116	5	Day5,15:17	R7	25	70	BG(4);AH(10);AN(2);AA(3);AB(6);AM(1);AX(4);AE(1);AK(2);BB(3);AP(6);AV(2);AR(5);BE(2);AJ(1);AD(3);BA(1);AW(2);BD(2);AF(2);AZ(1);AY(3);AQ(2);AC(1);AU(1);	Day5,16:44	Day5,17:16
i120	5	Day5,16:12	R1	25	70	AK(8);BG(3);AV(3);AT(1);AH(7);AY(7);AW(6);BC(1);AN(5);AJ(3);AM(1);BF(1);AP(2);AR(2);AA(1);AB(4);AE(3);AC(2);BB(1);AX(2);AF(2);AZ(1);AU(2);AD(1);AI(1);	Day5,17:26	Day5,17:58
i121	5	Day5,17:3	R4	29	130	AX(4);AW(15);AM(4);BE(4);AU(2);AR(5);BF(5);AI(2);BG(6);AH(8);AF(8);AV(6);AD(3);AT(3);AY(7);AK(6);BC(6);AA(3);BB(5);AN(4);AZ(2);AP(11);AC(2);BD(2);BA(1);AO(1);AB(3);AQ(1);AG(1);	Day5,18:8	Day5,19:7
i123	5	Day5,17:29	R1	31	100	AQ(1);AG(1);AW(10);AH(8);BE(2);BB(2);AJ(5);AU(1);AD(5);BD(4);AP(4);AV(7);AN(4);AS(1);AA(4);BG(3);AK(3);AC(2);AF(6);AZ(3);AB(2);AI(2);AY(1);BC(2);AM(2);BF(2);AE(1);AX(4);AO(1);AR(6);AT(1);	Day5,19:17	Day5,20:2
i122	5	Day5,17:26	R9	28	90	AJ(2);AX(3);AV(6);AS(1);AR(4);AK(8);BB(2);AA(2);AH(9);AT(2);AW(9);AD(3);AU(4);AC(2);AI(1);BD(1);AP(5);AF(2);AN(2);AY(3);BF(4);AB(3);AE(2);BG(3);AL(1);BE(3);BC(2);AG(1);	Day5,20:12	Day5,20:53
i129	5	Day5,19:50	R1	29	110	AP(8);BE(4);AY(7);BA(1);AG(2);AH(11);AW(10);AV(2);AZ(4);AN(4);BG(2);AX(8);AA(3);BB(4);AI(1);AC(5);AE(6);AB(3);AS(4);BF(1);AQ(4);BD(1);AU(2);AR(2);AD(2);AK(4);AF(3);AJ(1);AT(1);	Day5,21:3	Day5,21:53
i132	5	Day5,21:3	R1	30	100	AM(2);AD(3);AH(14);AW(10);AV(8);AN(2);AJ(3);BE(4);AB(5);AG(1);AZ(2);AR(4);AL(3);BB(2);AX(3);AY(8);AQ(1);AC(3);AP(3);AE(3);BC(1);AF(1);AK(4);AA(3);AU(2);AO(1);AI(1);BA(1);AT(1);BG(1);	Day5,22:3	Day5,22:49
i127	5	Day5,20:12	R9	31	100	AW(7);AD(5);AC(1);AX(8);AZ(2);BA(1);AK(8);AM(1);AV(5);AY(5);BG(4);BE(2);AH(7);AJ(3);AR(6);BF(2);AT(2);BD(3);AP(6);AB(4);AE(1);AU(1);AF(2);AG(1);AL(2);BB(4);AS(2);AN(2);AQ(1);AA(1);BC(1);	Day5,22:59	Day5,23:44
i124	5	Day5,18:18	R7	27	70	AY(4);AC(3);AH(6);AJ(2);AT(2);AG(2);AR(4);AS(3);AN(4);AW(5);AX(2);AA(2);AI(2);AV(3);AK(3);AP(2);AZ(1);BG(3);AL(2);AE(3);BB(1);AD(2);AQ(2);BF(3);AF(2);BC(1);AB(1);	Day5,23:54	Day6,0:26
i131	5	Day5,22:3	R1	22	60	AR(2);AZ(1);AP(4);BF(6);AJ(1);AD(4);BG(2);AN(3);AW(1);BE(2);AC(3);BC(3);AY(2);AV(7);AH(5);AK(5);AB(2);AU(2);AG(2);AX(1);AS(1);AM(1);	Day6,0:36	Day6,1:3
i133	6	Day6,0:16	R7	28	130	BC(3);AX(8);AZ(2);AD(11);AN(8);AH(10);BB(1);AJ(6);AW(9);AK(9);AV(4);BG(4);AC(3);AS(3);AY(5);AE(7);AM(3);AU(3);AF(2);AB(3);AA(3);BF(2);AQ(3);AL(1);AR(11);AP(4);AT(1);BD(1);	Day6,1:13	Day6,2:12
i113	5	Day5,14:36	R2	24	60	AN(3);AH(7);AV(3);AF(3);BC(2);BA(1);AC(4);BB(2);AR(2);AM(1);AP(7);AK(3);AW(4);AY(2);AX(3);AJ(1);AU(2);AG(1);AD(3);BG(2);BD(1);AA(1);AT(1);BE(1);	Day6,2:22	Day6,2:49
i135	6	Day6,2:4	R7	31	140	AV(8);AU(4);AT(5);AP(12);AX(12);AH(15);AK(6);AZ(3);AF(6);AC(5);AM(1);AW(7);BE(3);BB(4);BF(3);BD(2);AB(2);AG(2);AE(3);AY(5);AD(5);AA(5);AS(2);AQ(2);AI(4);AN(4);BA(1);AO(2);AR(5);AL(1);BG(1);	Day6,2:59	Day6,4:3
i138	6	Day6,2:55	R2	30	100	AC(6);AD(5);AH(9);AW(4);AE(4);AA(1);BF(2);AP(6);AN(2);AJ(3);AI(1);BB(1);AX(6);AG(3);AK(8);BE(7);AM(4);AQ(3);AR(2);AY(7);AB(2);AT(1);BG(2);BD(1);BC(2);AV(4);AL(1);AU(1);AF(1);AO(1);	Day6,4:13	Day6,4:59
i139	6	Day6,4:13	R2	29	80	AQ(5);AN(4);AV(5);AG(1);AD(2);AO(1);AK(4);AH(2);AY(7);AT(1);AW(5);AC(3);BB(1);AE(3);AF(1);AA(1);AJ(3);AP(6);AS(2);BF(3);AI(1);AX(4);BG(3);AR(5);BC(2);AB(1);AM(1);BE(1);AL(2);	Day6,5:9	Day6,5:45
i140	6	Day6,5:9	R2	28	80	AX(8);AH(7);AV(3);BG(6);AW(4);AM(1);AR(4);BA(3);AD(3);AQ(1);AP(7);AN(1);AC(3);BF(3);AY(1);BC(3);AU(3);AT(4);AF(1);AL(2);AJ(2);AE(1);BB(1);AZ(1);AO(1);AK(4);AG(1);AA(1);	Day6,5:55	Day6,6:31
i137	6	Day6,2:59	R7	25	80	BE(1);AU(2);AK(2);AW(10);AE(3);BC(2);AV(2);AM(1);AX(6);AD(6);AH(11);BG(3);AN(2);AR(5);AY(5);AS(3);AB(5);AC(2);BF(2);AQ(1);BB(1);AJ(1);AP(1);AA(2);BA(1);	Day6,6:41	Day6,7:18
i134	6	Day6,5:55	R2	26	60	AK(5);AY(4);AR(2);AX(1);AQ(3);AF(1);AE(3);BB(3);AW(8);AH(5);AA(3);AP(3);AT(2);AI(1);AM(2);AG(2);BG(1);AO(1);AC(2);AV(1);BF(2);BE(1);BD(1);AD(1);AZ(1);AN(1);	Day6,7:28	Day6,7:55
i144	6	Day6,7:3	R7	27	70	AR(5);AD(5);BG(2);AX(3);BA(3);AP(5);BD(2);AS(1);AV(3);BC(4);AA(2);AW(6);BF(2);AN(3);AY(1);AH(8);AJ(1);AK(4);BB(1);AU(2);AL(1);AQ(1);AE(1);AI(1);BE(1);AO(1);AB(1);	Day6,8:5	Day6,8:37
i119	5	Day5,16:2	R3	25	60	AW(6);AR(3);BA(1);BE(1);AH(5);AV(4);AX(4);AF(2);AP(3);AT(2);AB(1);AL(1);AY(7);AK(3);BF(2);AE(2);BC(1);AS(2);BB(1);AD(2);BD(2);AM(1);AN(2);AU(1);BG(1);	Day6,8:47	Day6,9:14
i114	5	Day5,14:41	R5	24	60	AH(8);AP(5);AX(8);AB(3);AW(2);AS(2);AY(4);BB(2);BG(3);AF(1);AE(1);AR(5);BC(1);AJ(4);AN(1);AC(1);BE(1);AG(1);AU(1);AA(1);AK(1);AV(1);BF(2);BD(1);	Day6,9:24	Day6,9:51
i147	6	Day6,9:15	R3	28	80	AJ(2);AL(1);AH(10);AU(2);BF(3);BE(1);AD(6);AY(3);AB(1);AM(2);AN(7);AS(4);AV(3);AQ(1);AX(4);AW(5);AK(6);AP(5);AF(1);AR(3);BC(2);AC(2);AZ(1);AO(1);AG(1);AT(1);BD(1);BG(1);	Day6,10:1	Day6,10:38
i148	6	Day6,9:34	R5	29	120	BF(4);AR(4);AQ(3);AX(6);AW(7);BE(5);AF(4);AH(13);AN(10);AB(4);AD(3);BG(4);BC(3);AI(1);AJ(6);AV(4);AS(2);AK(9);AY(5);AP(7);AM(1);BB(2);AC(1);AT(4);AA(1);AZ(2);AO(1);AU(2);BA(2);	Day6,10:48	Day6,11:42
i150	6	Day6,10:26	R3	29	80	AW(5);AH(7);AB(3);AP(6);AR(3);AV(4);AC(3);BG(4);AJ(5);AF(4);AX(5);AM(2);AK(4);AZ(1);BE(2);AD(1);AS(1);AE(4);AA(2);AG(2);BF(2);BB(3);AT(1);AN(1);AU(1);BC(1);AQ(1);AL(1);BD(1);	Day6,11:52	Day6,12:29
i151	6	Day6,10:48	R5	23	80	AN(2);AS(4);BA(1);AB(5);BF(4);AJ(3);AX(3);BD(2);AR(4);AW(7);AU(2);BG(3);AH(11);AV(7);AE(4);AC(2);AD(1);BE(2);AA(3);AF(4);AK(4);AP(1);AZ(1);	Day6,12:39	Day6,13:15
i152	6	Day6,12:39	R5	30	130	AO(1);AV(7);BA(1);AK(7);AY(10);AX(11);AR(7);AU(2);AB(3);AM(2);AG(2);AN(5);AH(10);BF(4);AF(5);AW(10);BB(4);BG(2);AP(12);AD(5);AJ(5);AQ(3);BE(3);BC(2);AE(2);AL(1);AA(1);BD(1);AT(1);AC(1);	Day6,13:25	Day6,14:24
i154	6	Day6,13:44	R5	27	100	AX(6);AR(3);AW(9);AP(5);AK(3);AH(12);AN(9);AY(2);AC(3);BE(4);AS(2);BC(3);AB(3);AA(2);BG(2);BF(2);AJ(8);AE(3);AM(3);AD(6);AG(1);BA(1);AV(4);AF(1);BB(1);AI(1);AT(1);	Day6,14:34	Day6,15:19
i153	6	Day6,14:34	R5	27	80	AB(3);AC(4);AY(4);AP(6);AH(5);AW(4);AN(6);AK(5);AF(5);AX(3);BC(2);AZ(1);BB(5);BF(3);AM(3);AV(3);AI(1);AQ(1);AR(3);AE(2);AJ(1);AD(2);AS(1);AT(3);AL(1);BD(1);AA(2);	Day6,15:29	Day6,16:6
i146	6	Day6,11:52	R3	24	70	AJ(4);AH(5);AR(3);AU(2);BE(6);AC(4);AV(5);AK(1);AP(7);AF(5);AW(5);BB(2);AQ(3);BF(1);AY(6);AN(1);AS(1);AE(1);BC(1);BG(1);AX(2);AB(2);AD(1);BD(1);	Day6,16:16	Day6,16:48
i160	6	Day6,15:53	R5	27	80	AH(10);AU(2);BA(2);AR(4);AK(3);AF(4);AB(3);AJ(2);AW(9);AE(3);BD(3);AD(2);BE(2);AG(2);AX(2);BB(3);AA(3);AN(4);BG(1);BC(2);AQ(2);BF(1);AP(2);AS(2);AC(3);AY(2);AM(2);	Day6,16:58	Day6,17:34
i156	6	Day6,16:16	R3	26	70	AK(3);AR(6);AW(8);AI(3);AF(5);AP(4);BD(1);AC(3);AJ(4);BC(3);AB(4);AY(3);AE(1);BF(1);AO(2);AN(1);AH(6);AA(2);AV(2);BG(1);BB(1);AD(1);AQ(1);AM(1);AZ(2);BE(1);	Day6,17:44	Day6,18:16
i162	6	Day6,17:25	R5	29	100	AD(6);AK(5);AU(2);BE(6);AH(5);AW(10);AF(5);AR(4);AN(4);AS(5);AY(3);BB(4);BF(3);AV(7);AJ(3);AP(6);BG(6);AA(2);AT(1);AO(1);AB(2);AL(1);AC(3);AQ(1);AX(1);AG(1);AZ(1);BC(1);AM(1);	Day6,18:26	Day6,19:11
i161	6	Day6,17:44	R3	29	80	AP(7);BG(4);AH(6);AV(4);AE(3);AY(3);AQ(3);AB(5);AS(2);BC(3);AR(3);AX(4);AN(3);AO(1);BE(3);AW(4);AZ(2);AF(2);AT(1);BD(1);AA(3);BF(3);BB(1);AK(3);AD(1);AM(2);AL(1);AU(1);AJ(1);	Day6,19:21	Day6,19:58
i157	6	Day6,18:26	R5	25	70	AE(3);AV(6);AA(3);AW(5);AP(6);AK(6);AM(1);BF(2);AJ(2);BC(2);AR(5);AB(2);AH(5);BG(2);AC(4);AX(3);AL(1);BD(1);AU(1);AF(5);AS(1);BB(1);AI(1);BE(1);AG(1);	Day6,20:8	Day6,20:39
i149	6	Day6,19:21	R3	24	60	AW(8);AX(3);AT(2);AD(2);BG(4);AH(4);AK(3);AL(1);AV(5);AA(1);AC(3);AS(2);AR(3);BB(2);AU(2);AE(2);AM(2);BF(1);AN(4);BD(2);AB(1);AF(1);BE(1);AY(1);	Day6,20:49	Day6,21:17
i163	6	Day6,20:17	R5	27	100	BB(3);AF(5);AL(1);AK(12);AW(6);AI(1);AV(7);AA(2);AE(5);AR(2);AJ(3);AH(4);AM(2);BE(3);AP(6);AX(5);AO(2);AD(5);AY(5);AC(3);BG(5);BF(2);AU(2);BC(1);AB(3);AN(4);BA(1);	Day6,21:27	Day6,22:12
i164	6	Day6,20:49	R3	24	70	AH(4);BG(4);AG(4);AS(3);AN(3);AK(4);AY(2);AL(1);AC(1);AW(6);AR(4);AJ(3);BA(2);AA(3);AF(3);AB(1);BC(1);AE(2);AX(3);BE(4);BB(4);AV(3);AQ(1);AP(4);	Day6,22:22	Day6,22:54
i155	6	Day6,21:27	R5	24	60	AV(7);AD(2);BG(3);AZ(1);AN(1);BC(2);AB(3);AH(3);AE(2);AX(3);AT(2);AP(3);AK(4);AJ(3);AU(3);BE(2);AY(1);AF(3);AM(2);AI(2);AC(1);AR(3);AQ(1);AA(3);	Day6,23:4	Day6,23:31
i168	6	Day6,22:44	R3	32	130	AY(8);AA(2);AH(16);AR(6);AI(1);BG(7);AC(3);BC(4);AX(5);AF(4);AU(6);AG(1);AB(6);AE(5);AP(6);BF(5);BD(2);AD(6);BA(1);AK(6);AN(3);AV(6);AT(2);AW(8);AJ(1);AS(1);BB(1);AM(1);BE(1);AQ(3);AZ(2);AL(1);	Day6,23:41	Day7,0:40
i169	6	Day6,23:4	R5	27	100	BG(7);AX(6);AR(7);BE(4);AP(8);AE(2);AK(7);AD(5);AS(3);AH(8);AW(7);BC(1);AJ(2);AM(1);AZ(3);AV(5);AT(3);AO(1);AQ(2);AC(3);AL(2);BB(1);AF(4);AY(3);AB(3);BD(1);AG(1);	Day7,0:50	Day7,1:36
i171	6	Day6,23:41	R3	26	70	AP(6);BF(3);AJ(3);AU(3);AT(1);AQ(1);AX(3);AW(5);AS(3);AA(4);AY(4);BA(2);AN(2);BG(5);AG(1);AH(3);AV(3);AZ(2);AL(3);AD(2);AB(2);BB(2);AF(3);AE(1);BD(2);AM(1);	Day7,1:46	Day7,2:18
i145	6	Day6,8:12	R7	24	60	AH(8);AB(2);BA(1);BG(4);AU(2);AV(3);AW(3);AE(2);AR(1);BE(4);AT(1);AD(3);AP(2);BC(2);AQ(1);AY(3);AN(6);BB(2);AC(1);AK(3);AA(2);BF(1);AL(1);AF(2);	Day7,2:28	Day7,2:55
i117	5	Day5,15:41	R8	28	60	AJ(3);AV(3);AF(3);AA(1);BF(2);AS(2);AX(2);AW(5);BG(4);BE(2);AT(1);AH(5);BB(2);AI(1);BC(1);BD(2);AR(4);AQ(1);AP(4);BA(1);AE(2);AZ(2);AU(1);AD(2);AM(1);AB(1);AC(1);AG(1);	Day7,3:5	Day7,3:32
i118	5	Day5,15:50	R10	23	60	AW(6);AY(3);AB(2);AD(2);AG(1);AN(2);BF(4);AL(2);AT(4);AP(8);AC(3);BE(3);AJ(2);AZ(1);AH(4);AR(2);AK(5);AF(1);AQ(1);AX(1);BC(1);BG(1);AV(1);	Day7,3:42	Day7,4:9
i136	6	Day6,7:28	R2	23	50	BF(5);AW(6);AS(2);AX(4);BG(4);AZ(1);AD(1);AN(2);AP(2);AH(2);AR(3);AF(1);AJ(3);AY(3);AA(2);AT(1);AE(1);BB(1);AM(1);AB(1);AV(1);AU(1);BE(2);	Day7,4:19	Day7,4:42
i167	6	Day7,0:50	R5	20	50	AJ(4);BG(2);AP(3);AN(3);AQ(2);AE(2);AU(1);BB(2);AK(2);AV(4);AY(3);AW(4);AX(3);BE(1);AF(6);AC(2);AH(2);BD(1);AR(1);AD(2);	Day7,4:52	Day7,5:15
i115	5	Day5,15:12	R6	26	50	AC(4);BF(3);AU(3);AY(1);AQ(1);AH(4);AR(3);AF(1);AB(2);AW(3);BC(1);AE(3);BE(1);AS(3);BG(1);BA(1);AK(2);AD(2);AN(2);AI(1);BB(3);AP(1);AV(1);AJ(1);AT(1);AX(1);	Day7,5:25	Day7,5:48
i174	7	Day7,5:0	R5	25	70	AP(5);AY(4);AD(2);AV(6);AH(5);BD(2);AB(3);BB(2);AW(2);AQ(3);AA(3);BF(2);AI(1);BA(1);AR(3);AN(4);AS(4);AE(2);AK(4);AX(1);AF(5);AL(1);BG(2);AT(2);AU(1);	Day7,5:58	Day7,6:29
i175	7	Day7,5:54	R6	27	100	AK(7);AO(2);AP(6);AD(3);AB(5);AW(8);AY(7);AJ(5);BG(2);BC(5);AA(3);AX(2);AF(4);BB(7);AI(1);AH(9);BE(2);AC(4);BA(2);AG(3);AR(2);AS(1);AV(4);AE(1);AN(3);AZ(1);AM(1);	Day7,6:39	Day7,7:25
i176	7	Day7,6:39	R6	24	60	BD(1);AP(5);AV(3);AQ(3);AH(5);AN(7);AJ(2);AB(1);AK(4);AY(2);BB(3);AE(2);AF(2);AD(4);AR(3);BC(1);AZ(2);AA(1);AW(2);BE(2);BF(2);AT(1);AC(1);AS(1);	Day7,7:35	Day7,8:2
i177	7	Day7,6:51	R5	29	80	AY(3);AU(3);AD(5);AV(4);AG(1);AH(11);AR(5);BG(2);AB(2);AN(5);AK(2);AW(9);BB(2);AP(2);AX(4);AE(2);AA(1);BF(1);AI(1);BD(1);AZ(1);AJ(3);AQ(1);BE(3);AC(2);AM(1);AT(1);BA(1);BC(1);	Day7,8:12	Day7,8:49
i178	7	Day7,7:57	R6	24	70	AL(2);AB(2);AX(4);AU(2);BA(2);AM(2);AK(3);AP(5);AN(2);AY(6);BB(4);AV(2);AF(4);AC(3);AW(7);AJ(5);AQ(3);BF(1);AH(4);AD(2);AA(2);AE(1);BC(1);BE(1);	Day7,8:59	Day7,9:30
i179	7	Day7,8:38	R5	30	100	AB(3);AV(8);BF(2);AP(8);AK(8);AD(3);AN(5);BA(2);BC(1);AO(1);AW(7);BE(2);AE(5);AQ(2);AX(8);AC(3);AF(3);AR(3);AH(6);BD(2);BG(3);AS(1);AJ(1);AY(6);AT(2);AM(1);AG(1);AU(1);BB(1);AL(1);	Day7,9:40	Day7,10:26
i180	7	Day7,9:26	R6	25	70	AD(4);AF(7);AW(6);BB(2);AK(1);AB(3);AU(1);AY(2);AA(3);AJ(4);AH(5);AS(2);AN(1);AI(2);AT(1);BE(2);AR(2);AQ(3);BF(1);AP(8);AX(2);AO(2);AC(3);AV(1);AE(2);	Day7,10:36	Day7,11:8
i182	7	Day7,10:21	R5	27	100	AN(7);AJ(5);BB(3);AQ(4);AG(1);AY(8);AM(3);BG(4);AX(7);AF(9);AH(7);AV(5);AC(2);BF(1);AD(2);AW(3);AP(5);AL(3);BE(2);AT(1);BD(2);BC(4);AU(1);AK(5);AZ(2);AB(1);AR(3);	Day7,11:18	Day7,12:3
i183	7	Day7,10:40	R6	28	80	AI(1);AX(2);AN(5);AM(2);AA(1);AO(2);AP(7);AL(2);AQ(3);BE(2);AH(4);AR(5);AK(4);AW(8);AY(2);AJ(1);AV(6);AF(4);AD(2);AB(3);BF(2);AC(5);AT(1);AE(2);AU(1);BD(1);BB(1);BG(1);	Day7,12:13	Day7,12:49
i185	7	Day7,11:44	R5	25	70	AQ(1);AH(7);AC(1);AW(4);AX(4);AY(3);AA(7);AK(3);AP(4);AF(4);AD(1);AN(2);AB(3);AZ(2);BE(1);AR(2);AL(2);AV(5);BD(3);BF(3);BC(3);AJ(2);AT(1);AE(1);BG(1);	Day7,12:59	Day7,13:31
i186	7	Day7,12:13	R6	27	70	AF(2);AH(6);AA(4);AQ(1);AP(3);AW(3);BE(2);AB(1);AV(4);AZ(1);BB(4);AU(2);AX(5);AY(4);BA(1);AC(2);AN(4);AK(3);AD(3);AR(4);AE(2);BC(2);BF(2);BG(2);AS(1);AI(1);AM(1);	Day7,13:41	Day7,14:13
i173	7	Day7,12:59	R5	21	50	AC(7);AV(4);AB(2);AS(3);AK(5);AW(6);AN(4);AU(1);AQ(1);BF(2);AR(3);AE(1);AT(2);AX(1);AD(1);AY(1);AJ(1);AH(2);BB(1);BC(1);BD(1);	Day7,14:23	Day7,14:46
i187	7	Day7,13:41	R6	22	50	AF(4);AP(5);AW(4);AE(1);AX(2);AH(6);BF(1);BC(3);AV(2);BE(1);BG(1);AC(2);AD(2);AB(2);AU(2);AQ(1);AA(2);AY(4);AJ(1);AN(2);AK(1);AR(1);	Day7,14:56	Day7,15:19
i188	7	Day7,14:41	R5	30	100	BG(4);AW(6);AT(3);AK(9);BE(2);AR(7);AS(3);AV(5);AD(5);AQ(5);AJ(3);BB(3);AY(1);AU(2);AB(3);BF(3);AX(8);AH(3);AA(3);AN(4);BA(2);AC(2);AI(1);BC(1);AE(5);AP(2);AF(2);AM(1);AL(1);AG(1);	Day7,15:29	Day7,16:14
i172	7	Day7,2:28	R7	24	50	AR(2);BE(1);AL(1);AN(4);AW(4);BG(1);AH(4);AP(5);AM(1);AJ(3);AX(3);BB(2);BF(1);BC(1);AG(2);AS(1);AY(2);AF(1);AD(2);AQ(3);AB(2);AK(2);AV(1);BD(1);	Day7,16:24	Day7,16:47
i190	7	Day7,15:49	R5	30	130	AU(5);AH(10);AJ(5);AA(5);AY(4);AN(6);AR(3);AV(10);AP(8);AX(10);AD(5);BF(3);AS(4);AW(9);BB(7);BD(3);AM(1);AI(2);AK(5);AF(6);BE(3);AL(1);AO(2);AE(3);AQ(2);BG(2);AT(3);AB(1);AC(1);BC(1);	Day7,16:57	Day7,17:56
i189	7	Day7,16:24	R7	28	120	AW(10);AV(8);BB(3);AR(8);AI(2);AC(6);BF(6);AE(2);BG(5);AA(3);AQ(2);AB(4);AP(4);AJ(6);BC(3);AX(5);AH(8);AT(1);AY(7);AN(5);AS(5);BD(1);AU(3);AF(7);BE(3);AL(1);AM(1);AK(1);	Day7,18:6	Day7,19:0
i191	7	Day7,16:57	R5	23	50	AD(1);AX(4);AC(2);AP(4);AE(3);AV(4);AM(1);AH(3);AR(2);AJ(2);AK(4);AB(2);AW(3);BA(1);AA(1);AF(4);AS(1);AL(1);AN(1);BB(1);BF(2);AZ(1);BG(2);	Day7,19:10	Day7,19:33
i194	7	Day7,18:55	R7	30	100	AI(1);AH(7);AY(3);AC(5);AK(9);AN(7);AV(5);AU(4);AP(6);AR(6);AF(4);BG(3);AW(4);BE(2);BA(2);AE(5);AM(2);AX(4);BF(5);AO(1);AB(2);BB(2);AS(2);AT(3);BC(1);AJ(1);AG(1);AA(1);AD(1);AQ(1);	Day7,19:43	Day7,20:29
i195	7	Day7,19:10	R5	24	80	AN(7);AU(6);AV(4);AD(3);AC(2);AW(5);AJ(3);AH(7);AK(3);AB(4);BF(2);AQ(2);AX(6);AI(4);BG(2);AA(3);AY(2);BD(1);AT(1);AP(4);AR(4);AF(1);AS(2);BC(2);	Day7,20:39	Day7,21:15
i193	7	Day7,19:43	R7	23	60	AH(6);AX(5);AF(2);AW(4);AP(7);AA(2);AK(4);AU(1);BG(3);AV(2);AY(1);AT(1);BE(4);AR(3);AN(2);AG(1);AC(2);AJ(4);BB(1);BD(1);BF(2);BC(1);AM(1);	Day7,21:25	Day7,21:52
i197	7	Day7,20:39	R5	19	50	AE(4);AM(1);AU(2);AJ(6);AK(3);AY(3);BG(2);AP(6);BC(1);AR(2);AZ(1);BF(1);BB(1);AN(2);AH(7);AQ(1);AV(3);AX(3);AG(1);	Day7,22:2	Day7,22:25
i199	7	Day7,21:25	R7	21	50	AB(3);AP(2);AA(3);AW(6);AH(6);AG(1);AC(3);AQ(1);AD(2);AV(4);AZ(1);AF(2);AN(2);AY(1);BB(2);AE(1);AK(5);BG(1);AR(2);AM(1);AU(1);	Day7,22:35	Day7,22:58
i141	6	Day7,1:46	R3	22	40	AN(3);AP(1);AW(5);AH(4);AK(2);BB(2);BC(1);AD(1);AY(4);AJ(1);AO(1);AF(2);AE(2);AT(1);BF(2);AZ(1);AL(1);AU(1);AR(1);AC(1);AB(2);AV(1);	Day7,23:8	Day7,23:26
i200	7	Day7,22:49	R7	28	80	AA(2);AY(4);BE(3);AF(3);AN(5);BF(2);AT(1);AB(4);AX(5);AR(6);AH(3);AW(7);AK(4);AQ(3);BG(3);AV(2);AS(1);AO(2);AE(3);AP(2);AM(1);AU(2);AC(2);AZ(2);BB(2);AJ(3);BC(2);AD(1);	Day7,23:36	Day8,0:12
i201	7	Day7,23:8	R3	21	60	AB(3);BF(2);AK(5);AC(3);AW(9);AP(7);AL(1);AH(1);BG(4);AF(2);AX(4);AR(2);AD(3);AS(2);AN(2);AE(3);BE(1);AV(3);BD(1);AA(1);AJ(1);	Day8,0:22	Day8,0:49
i125	5	Day5,18:19	R4	16	40	AP(8);AK(5);AC(4);AZ(2);AH(5);AY(3);AG(1);AB(2);AE(1);AX(1);BB(1);BA(1);AJ(2);AQ(1);AU(2);AF(1);	Day8,0:59	Day8,1:18
i202	8	Day8,0:27	R3	25	70	BF(2);AN(2);AD(3);AW(6);BG(1);AV(2);AG(3);AY(2);AB(4);AF(1);AA(1);AP(8);AX(5);AH(4);AK(6);AM(1);AJ(3);AE(5);AS(2);AQ(2);BE(1);BB(2);AC(1);AR(1);AZ(2);	Day8,1:28	Day8,1:59
i196	7	Day7,22:2	R5	21	40	AJ(3);AS(1);AQ(1);AW(4);AH(5);BG(1);AN(2);AF(2);AP(4);AB(1);AV(3);AY(1);AU(1);AX(1);BE(2);AI(2);AA(1);AM(1);AG(1);BF(2);AE(1);	Day8,2:9	Day8,2:28
i203	8	Day8,1:28	R3	32	150	AI(2);AK(9);BB(5);AJ(7);AH(12);AB(4);AP(11);BC(2);AX(10);AQ(2);AU(3);AM(2);AV(7);AR(7);AE(1);AO(3);AD(7);AA(5);BG(4);AC(5);AF(9);AG(1);AW(6);BD(2);BE(3);AL(3);BA(2);AT(1);AN(4);AS(2);BF(5);AY(4);	Day8,2:38	Day8,3:46
i204	8	Day8,2:9	R5	26	90	AN(6);AS(4);AC(2);AQ(2);AH(9);AA(4);AW(7);AV(5);AY(3);AR(4);AK(3);AX(5);BC(1);AI(1);BB(1);BF(2);AF(5);AM(1);BG(3);AB(5);AL(2);AJ(4);BE(1);AP(6);AD(2);AE(2);	Day8,3:56	Day8,4:37
i206	8	Day8,3:33	R3	31	80	AD(5);AK(6);AW(5);AH(7);AY(4);AX(7);AM(2);AS(2);AT(3);AZ(1);AR(4);AG(1);AF(3);AB(1);AV(2);AP(4);AN(2);BD(1);BF(2);AO(1);BB(1);AA(2);BA(2);AE(1);BC(1);BG(2);AJ(3);AC(2);AU(1);AL(1);AI(1);	Day8,4:47	Day8,5:23
i208	8	Day8,4:47	R3	24	70	AE(2);AW(8);BG(2);AA(5);AP(2);AX(5);AV(5);AU(1);BA(3);AD(3);AR(2);AH(7);AJ(3);AM(2);AF(5);BB(2);AK(2);BE(1);AC(3);AB(1);AZ(1);AQ(3);AY(1);BC(1);	Day8,5:33	Day8,6:5
i207	8	Day8,3:56	R5	25	70	AH(12);AB(4);AR(4);BC(5);AK(3);AW(3);AO(1);AD(2);AA(1);AN(4);BG(1);AP(2);AX(4);AU(1);AM(1);AJ(2);AE(3);AF(3);AV(3);AY(3);AG(2);AT(1);AC(3);BB(1);AS(1);	Day8,6:15	Day8,6:47
i205	8	Day8,5:33	R3	25	40	AQ(1);AJ(2);AG(4);AA(2);AE(2);BG(1);BA(1);AX(1);BC(1);AT(2);BF(1);AV(1);BB(2);AK(1);BD(2);AD(4);AZ(1);AP(1);AR(2);BE(2);AF(1);AN(1);AB(1);AH(2);AY(1);	Day8,6:57	Day8,7:15
i209	8	Day8,6:15	R5	25	70	AB(4);AW(3);AN(5);AH(8);AD(2);BF(3);AM(3);AX(1);AK(6);AF(4);BB(3);AE(2);AR(2);AV(6);AI(2);BD(1);AP(3);AJ(1);AG(1);AY(2);AA(2);AC(2);BA(1);AL(2);AU(1);	Day8,7:25	Day8,7:57
i143	6	Day7,3:5	R8	26	40	AT(1);AW(1);AR(3);BB(3);AF(1);AM(2);AI(1);AE(2);AP(2);AH(2);AC(2);AN(2);AO(1);AV(2);AY(2);AB(1);AL(1);AQ(3);BE(1);AJ(1);AK(1);BG(1);AG(1);AS(1);AD(1);AA(1);	Day8,8:7	Day8,8:25
i211	8	Day8,7:44	R5	25	60	AS(3);AV(3);AQ(2);AU(2);BG(2);AE(3);AW(5);AP(3);AT(2);BA(1);BF(1);AF(5);AK(5);AD(2);AG(1);AX(3);BC(2);AL(1);AM(1);AH(6);BB(2);AB(1);AN(2);BD(1);AY(1);	Day8,8:35	Day8,9:2
i210	8	Day8,8:7	R8	21	40	AH(6);BE(1);AJ(1);AY(1);AK(2);AW(3);AS(3);AD(4);AO(1);AV(1);AR(1);AP(3);BA(2);AC(1);AX(2);AF(1);AN(3);AE(1);AB(1);AA(1);BB(1);	Day8,9:12	Day8,9:30
i126	5	Day5,22:59	R9	17	40	AW(5);BG(3);AD(4);BE(2);AY(2);AV(5);AX(1);AN(5);BC(2);AF(3);AO(1);BB(1);BF(2);AC(1);AB(1);BD(1);AH(1);	Day8,9:40	Day8,9:59
i170	6	Day7,3:42	R10	18	40	AW(6);AU(3);AP(2);AN(5);BF(2);AB(4);AV(2);AX(2);AF(2);AQ(1);AD(2);AS(1);AH(3);BC(1);AM(1);AC(1);AJ(1);AA(1);	Day8,10:9	Day8,10:27
i128	5	Day6,0:36	R1	20	30	AH(2);AW(4);AK(2);AA(2);AN(1);AT(1);AR(2);AJ(1);AX(2);AD(3);AU(1);AV(1);BG(1);AC(1);AS(1);AL(1);AM(1);AP(1);BA(1);AE(1);	Day8,10:37	Day8,10:50
i130	5	Day7,4:19	R2	18	30	AJ(2);BG(1);AV(2);BF(2);AH(6);AE(2);AD(2);AK(1);BB(1);AC(1);AW(2);AZ(1);AY(1);AO(1);BC(1);AX(2);AG(1);AF(1);	Day8,11:0	Day8,11:14
i212	8	Day8,10:19	R10	20	50	BA(1);AV(4);AB(3);AX(1);AK(3);AJ(5);AW(6);AF(4);AD(3);AH(4);AY(2);AN(2);AC(1);AE(1);AR(2);AP(3);BF(1);AS(1);AQ(1);AU(2);	Day8,11:24	Day8,11:47
i215	8	Day8,10:42	R1	26	90	AV(8);BE(3);AH(8);AW(7);AK(4);BG(2);AP(6);AR(4);AE(3);BF(2);AN(5);AF(5);AZ(2);AL(1);AJ(3);AA(3);BB(5);AY(5);AX(2);AQ(2);AT(1);AC(4);AU(2);AM(1);BC(1);AS(1);	Day8,11:57	Day8,12:38
i213	8	Day8,11:0	R2	24	70	AP(7);BF(4);AW(7);AE(3);AG(2);BB(3);BA(2);AL(2);AV(6);AH(3);AM(1);AC(2);AS(2);AX(3);AF(3);AJ(3);AB(3);AK(4);AN(4);BC(2);AR(1);AQ(1);BG(1);AD(1);	Day8,12:48	Day8,13:19
i198	7	Day8,11:57	R1	18	30	AR(1);BG(2);AG(4);BD(2);BC(1);AV(2);AW(4);AP(1);AY(1);AA(1);AN(3);AB(1);AI(2);AE(1);BA(1);AO(1);AS(1);AK(1);	Day8,13:29	Day8,13:43
i214	8	Day8,12:48	R2	17	30	AW(4);AQ(1);AY(2);BC(1);AF(3);AH(1);AD(1);AM(2);AC(3);AV(1);AK(3);AB(1);AE(1);AR(2);AP(2);AZ(1);AJ(1);	Day8,13:53	Day8,14:7
i216	8	Day8,13:29	R1	23	40	AG(1);AK(3);AZ(2);AP(1);AQ(1);AW(5);AD(2);BG(1);AH(3);AM(2);BE(2);AF(2);AV(4);AB(1);BB(1);AX(1);AN(1);AC(1);AY(1);AO(1);AJ(1);BC(2);BF(1);	Day8,14:17	Day8,14:35
i217	8	Day8,13:53	R2	28	80	AW(7);AB(4);AP(7);BE(2);BG(3);AH(5);AX(3);AC(2);AV(2);AA(4);AJ(4);AD(2);AR(4);AO(2);AE(1);AY(4);AM(1);BF(2);AI(1);AT(3);AU(1);AN(4);BB(3);AF(4);AG(1);AK(1);AZ(1);AQ(2);	Day8,14:45	Day8,15:21
i165	6	Day8,6:57	R3	17	30	AK(5);AW(1);AJ(2);AD(2);AN(3);BF(2);AX(1);AV(2);AQ(2);AP(1);BC(1);BE(3);AM(1);BB(1);AR(1);AY(1);AF(1);	Day8,15:31	Day8,15:45
i159	6	Day8,0:59	R4	16	30	AW(3);AV(2);AP(3);AN(3);BF(2);AY(3);AC(3);AH(3);AK(1);AS(1);AR(1);AD(1);AJ(1);BB(1);BC(1);AA(1);	Day8,15:55	Day8,16:9
i218	8	Day8,15:33	R1	29	70	AW(4);AM(4);AZ(1);AX(2);AB(2);BB(1);AF(7);AH(5);AN(7);AV(3);BG(3);AY(3);AQ(1);AG(1);AJ(3);AE(2);BE(2);BF(3);AK(1);AA(2);AT(3);AP(3);AR(1);AI(1);AD(1);AC(1);BD(1);AU(1);AS(1);	Day8,16:19	Day8,16:50
i166	6	Day8,8:35	R5	16	30	AW(3);AX(2);AK(1);AV(4);AM(2);AD(3);AJ(5);AY(1);BB(2);AE(1);BD(1);AH(1);AP(1);BE(1);AC(1);AQ(1);	Day8,17:0	Day8,17:14
i219	8	Day8,16:27	R2	29	90	AR(4);AD(4);AA(6);AN(4);BD(1);AY(5);AS(2);AQ(2);AP(2);AL(1);BC(3);AH(7);BE(2);BF(4);AX(4);AJ(3);AT(2);AK(5);AZ(1);AB(5);AW(5);AE(1);AV(5);AG(1);AU(2);AF(5);AM(1);BG(2);BB(1);	Day8,17:24	Day8,18:5
i142	6	Day7,14:56	R6	13	30	AQ(1);AH(7);AM(2);AX(2);AB(3);AV(4);AY(2);BC(2);AC(1);AW(2);AP(2);BB(1);AK(1);	Day8,18:15	Day8,18:29
i158	6	Day7,23:36	R7	18	30	AH(3);AE(1);AG(1);AP(4);AL(1);BF(1);AX(1);AC(3);AJ(2);AN(2);AK(4);AV(1);AD(1);AS(1);AT(1);AM(1);BG(1);AB(1);	Day8,18:39	Day8,18:52
i220	8	Day8,17:55	R3	27	80	BC(2);AX(4);AY(7);AU(3);AK(9);AR(4);BG(2);AW(6);AM(1);AC(2);AP(6);BB(5);AH(5);AL(1);AI(2);AJ(3);AZ(1);AN(3);BE(1);BD(1);AD(1);AA(3);AF(2);AV(2);AE(2);AQ(1);AS(1);	Day8,19:2	Day8,19:39
i222	8	Day8,18:20	R1	26	100	AW(5);AH(3);BF(3);AV(10);AE(4);AR(7);AN(3);AD(4);AB(8);BB(4);AX(2);AM(2);AK(3);AL(2);AJ(4);AP(8);BC(3);AA(1);BE(1);BG(6);AY(5);AF(6);AQ(1);AC(1);AS(2);AU(2);	Day8,19:49	Day8,20:34
i221	8	Day8,17:57	R2	24	50	AK(1);AN(3);AA(3);AP(5);AL(1);AJ(2);BA(1);AC(2);AH(4);AB(2);AV(4);AQ(2);AS(1);BB(1);BE(1);AR(2);AD(2);AY(2);AW(3);AM(3);BC(1);BG(1);AF(1);BF(2);	Day8,20:44	Day8,21:7
i225	8	Day8,20:4	R6	26	100	AW(10);AH(10);AK(7);AN(5);AC(5);AJ(3);BB(4);AU(2);AT(1);BG(3);AS(3);AY(3);AL(1);AV(11);BF(3);AP(4);AF(5);AM(2);AX(5);AE(3);BE(1);AQ(2);AZ(1);AB(3);AD(2);AA(1);	Day8,21:17	Day8,22:2
i223	8	Day8,18:31	R4	22	50	AJ(3);AP(3);AE(3);BC(1);AD(3);AX(2);AG(1);AC(2);AM(2);AY(2);AB(2);BA(1);AV(3);BF(1);AW(6);AZ(2);AH(4);AQ(4);AU(1);AN(1);BE(1);AR(2);	Day8,22:12	Day8,22:35
i224	8	Day8,18:46	R5	24	50	AA(1);AR(3);BB(3);AU(2);AC(5);AY(1);BE(2);AV(3);BA(1);BF(3);AM(2);AE(2);AH(3);AF(2);AX(3);AD(2);BG(1);AS(3);AW(1);AL(2);AO(1);AJ(1);AZ(1);AK(2);	Day8,22:45	Day8,23:8
i181	7	Day8,9:12	R8	19	30	AW(3);AJ(2);AK(2);AP(4);AN(1);AE(1);BD(1);AB(2);AH(2);AO(2);AX(2);AF(1);AV(1);AL(1);AD(1);AT(1);AR(1);AQ(1);BB(1);	Day8,23:18	Day8,23:31
i226	8	Day8,22:36	R7	28	100	BG(2);AW(12);AX(7);BF(5);AJ(5);AD(3);AY(5);BC(2);AE(3);AG(1);AF(9);BE(2);AU(2);AN(3);AK(2);AH(6);AP(7);AS(3);AV(6);BB(2);AR(2);AC(3);AM(2);AQ(1);AT(2);AA(1);AO(1);AB(1);	Day8,23:41	Day9,0:27
i227	8	Day8,23:38	R3	18	40	AP(4);AW(6);AK(4);AM(2);AX(4);BE(1);AV(3);AD(1);AU(2);AT(1);AJ(1);BF(2);AI(1);BG(2);AR(1);BB(1);AA(2);AH(2);	Day9,0:37	Day9,0:55
i184	7	Day8,9:40	R9	18	30	AW(3);BG(1);AC(2);AK(2);BF(3);AJ(2);BB(1);BC(1);AY(1);AP(3);BE(1);AH(2);AR(2);AA(2);AE(1);AN(1);AM(1);AL(1);	Day9,1:5	Day9,1:19
i192	7	Day8,11:24	R10	15	30	BE(1);AP(3);AJ(2);BG(3);AB(2);AF(2);AM(2);AH(5);AR(2);AY(2);AA(1);AK(2);AS(1);AW(1);AE(1);	Day9,1:29	Day9,1:42
i229	9	Day9,1:23	R2	29	100	BB(7);AP(7);AE(4);AU(2);AF(3);AQ(2);BG(2);AH(8);BA(2);AW(4);AY(6);BF(4);AR(6);BD(1);AB(4);AK(7);BC(1);AV(7);AX(5);AM(2);AJ(1);AD(1);AL(1);AC(3);AN(5);AI(1);AA(2);AO(1);AG(1);	Day9,2:8	Day9,2:53
i230	9	Day9,2:12	R4	28	100	AD(4);BF(5);AC(3);AF(7);AW(14);AH(6);AK(3);AP(3);AV(5);AJ(6);AX(4);AE(3);AL(1);BC(4);BG(4);AR(5);BB(2);AN(6);AY(2);BE(2);AI(1);AA(2);AZ(2);AT(1);AQ(1);AB(2);AU(1);AG(1);	Day9,3:3	Day9,3:49
i228	9	Day9,1:13	R1	23	50	BB(3);AL(1);AN(3);BD(1);AH(4);AF(2);AV(5);AW(3);AQ(2);AX(4);BG(4);AE(2);AC(2);AB(1);AJ(1);AK(3);BE(1);AY(2);AT(1);AR(1);AM(2);AG(1);BF(1);	Day9,3:59	Day9,4:21
i231	9	Day9,3:20	R5	20	50	AP(6);AY(3);AW(4);BG(2);AR(5);AV(3);AM(2);AD(2);AX(3);AH(6);AN(1);AC(2);AU(2);AK(1);AI(2);AB(1);AJ(1);AS(2);BF(1);BB(1);	Day9,4:31	Day9,4:54
i232	9	Day9,3:54	R6	27	80	AC(4);AH(13);AF(1);AR(2);AM(4);BB(1);AN(5);AW(9);AS(3);AV(2);AP(5);BF(3);AX(5);AK(2);AO(3);AA(1);AD(3);AJ(1);AL(1);AE(2);BG(1);AY(4);AT(1);AB(1);AQ(1);AU(1);BC(1);	Day9,5:4	Day9,5:40
i233	9	Day9,4:56	R7	20	40	AR(3);AC(1);BA(2);AV(2);AE(1);AN(2);BC(2);AH(1);AW(7);AM(2);AL(4);AA(1);AP(1);AS(1);AF(3);AD(3);BF(1);BG(1);AU(1);AX(1);	Day9,5:50	Day9,6:9
i235	9	Day9,7:15	R8	25	90	AA(2);AV(8);BE(3);AW(10);AR(3);AP(5);AL(3);AD(5);AK(6);BF(5);AQ(2);AY(5);AH(7);AF(7);AC(2);AE(2);BB(3);BG(2);AZ(1);AG(2);AU(2);AJ(1);BC(2);AM(1);AS(1);	Day9,8:0	Day9,8:41
i234	9	Day9,7:1	R3	20	30	AN(2);AA(1);AQ(1);AF(3);AW(2);AC(2);BB(2);AV(1);AR(2);AY(1);AK(3);BE(1);AH(1);BF(2);AT(1);AD(1);AB(1);AG(1);AE(1);AS(1);	Day9,8:51	Day9,9:4
i239	9	Day9,9:38	R5	32	140	AW(7);AD(6);BF(4);BE(4);AP(11);AF(6);AH(8);AL(2);BD(2);AE(4);AK(10);AV(10);AA(7);AR(6);AQ(6);AB(4);AS(3);BB(2);BG(3);AX(5);AM(5);BC(4);BA(1);AI(1);AC(3);AJ(2);AY(2);AN(5);AT(2);AG(2);AZ(2);AU(1);	Day9,10:23	Day9,11:27
i241	9	Day9,10:26	R7	30	120	AJ(7);AH(13);AV(5);BA(1);AX(6);AW(7);AN(2);BE(4);AC(5);AD(6);AF(4);AK(6);BF(4);AL(2);AU(2);AZ(3);AE(4);BG(2);AI(3);AR(5);BB(2);AY(4);AA(3);AP(8);AB(5);AO(1);AS(2);AQ(1);AT(2);BC(1);	Day9,11:37	Day9,12:31
i243	9	Day9,10:54	R9	27	110	AL(3);AF(5);AW(8);AN(4);AV(6);AH(9);AX(7);AR(9);AK(11);AE(4);BE(3);AJ(3);BD(1);AD(6);BC(2);AU(1);AO(1);BB(4);AY(3);AP(2);AQ(2);BG(9);AB(2);AM(2);AA(1);AT(1);AI(1);	Day9,12:41	Day9,13:31
i242	9	Day9,10:30	R8	25	90	AR(5);AC(1);AE(4);AP(7);BD(1);AQ(5);AX(2);AW(8);AH(6);AF(6);AV(6);BC(2);AJ(5);BB(3);AK(8);BE(1);AY(1);AD(5);AZ(2);AS(3);AT(2);BG(2);AU(3);AI(1);AB(1);	Day9,13:41	Day9,14:22
i237	9	Day9,8:35	R1	26	70	AN(5);AH(7);BG(4);AY(4);AB(3);AT(1);AV(3);AK(6);AS(1);AW(6);AL(1);AJ(2);AX(3);AU(2);AC(1);AD(3);AF(2);AR(2);AG(3);AQ(2);BF(1);AE(1);AP(3);AA(1);AM(2);BB(1);	Day9,14:32	Day9,15:4
i238	9	Day9,9:26	R4	27	60	BC(2);AN(4);AU(2);AW(6);AY(4);AH(4);BB(1);AK(2);AJ(3);AX(3);BF(1);AR(4);AM(1);AP(5);AC(1);AD(3);AQ(1);AT(1);AB(3);AV(1);AO(1);BA(1);BG(1);AI(2);AS(1);AF(1);AA(1);	Day9,15:14	Day9,15:41
i236	9	Day9,8:33	R2	24	50	BG(2);AW(5);AA(2);AL(1);AX(2);BE(1);AF(5);AH(7);AD(2);AP(2);AJ(3);AC(2);BD(1);AI(1);AR(1);AY(2);AB(1);BA(1);AG(1);AQ(2);AT(1);AS(2);AM(1);BF(2);	Day9,15:51	Day9,16:14
i240	9	Day9,9:47	R6	19	50	AJ(2);AC(2);AL(1);AV(4);AD(1);AY(5);AE(1);BB(2);AH(6);AP(3);AX(2);BE(1);AR(3);BF(3);AG(2);AF(4);AQ(1);AB(6);AA(1);	Day9,16:24	Day9,16:47
i244	9	Day9,15:55	R10	28	100	BA(2);BE(4);AC(4);AK(12);AL(2);AH(8);AR(5);AI(2);AM(1);AV(5);AW(5);AB(3);AU(3);BG(6);AN(5);AD(6);AS(1);AP(3);AX(5);AF(4);AJ(1);AY(4);BD(1);AQ(2);AE(2);BC(1);BB(2);AT(1);	Day9,16:57	Day9,17:42
i245	9	Day9,16:8	R3	24	50	AE(1);AY(1);AO(3);AS(3);AB(1);BF(4);AC(2);AQ(2);BG(3);AZ(1);AP(1);AJ(3);BC(1);AI(1);AM(2);AK(5);AW(4);BE(1);AH(4);AG(1);AD(1);BA(1);AV(2);AX(2);	Day9,17:52	Day9,18:15
i248	9	Day9,18:52	R4	29	140	AJ(7);AD(4);AB(3);AH(15);BF(4);AP(12);BC(2);AX(8);AY(5);BG(5);AK(5);AV(5);AW(10);AM(3);AR(8);AF(10);BE(4);AQ(2);AO(3);AN(6);AU(5);AA(2);BB(1);AE(3);AT(3);AS(1);AC(1);AZ(1);BD(2);	Day9,19:37	Day9,20:40
i246	9	Day9,18:3	R1	26	80	AD(3);AN(7);BG(3);AW(9);AV(5);AH(10);AF(6);AJ(4);BB(3);AL(2);AZ(1);AP(1);AK(3);AY(2);BC(2);AT(1);AU(1);AM(1);AE(2);AR(5);BA(1);AX(3);AA(1);BF(1);AB(2);AS(1);	Day9,20:50	Day9,21:27
i252	9	Day9,20:51	R8	29	100	AT(2);AF(3);AA(5);AH(8);BB(4);AP(5);BE(7);AX(6);AQ(2);AM(3);AE(2);AY(7);AR(3);AZ(1);BG(2);AD(3);AC(4);AB(7);AK(4);AV(7);AW(4);AU(1);BF(2);AO(1);BC(1);AI(1);BA(1);AJ(2);AN(2);	Day9,21:37	Day9,22:22
i253	9	Day9,21:18	R9	30	120	AB(3);AH(8);BE(4);AQ(3);AW(8);BG(8);AV(5);AY(3);AM(1);AX(6);AR(11);AF(5);AJ(4);BF(5);AL(2);AA(1);AD(3);AE(5);BB(3);BD(2);AC(2);AP(8);AO(1);AK(7);AN(4);AT(2);AS(2);BA(1);AI(2);AU(1);	Day9,22:32	Day9,23:27
i254	9	Day9,21:33	R1	30	110	AJ(9);BG(5);AK(8);AH(11);AA(2);AD(1);AT(1);BF(5);AF(2);AV(4);BE(3);AX(8);BB(5);AL(1);AY(6);AW(9);AP(4);AZ(1);AC(4);AE(4);BC(1);BD(2);AN(2);AU(2);AR(2);AS(2);AB(2);AQ(1);AM(2);AO(1);	Day9,23:37	Day10,0:27
i255	9	Day9,23:51	R3	33	100	AN(5);AW(9);AY(4);BG(3);AH(4);AI(2);AB(3);AJ(7);AV(3);BB(3);AD(6);AT(3);AC(3);AU(1);BC(1);BD(1);BE(3);AK(4);BA(2);BF(3);AO(2);AA(3);AG(3);AR(3);AZ(1);AQ(5);AP(3);AS(1);AE(1);AL(1);AF(5);AM(1);AX(1);	Day10,0:37	Day10,1:22
i251	9	Day9,20:36	R6	26	80	AU(1);AW(5);AR(5);BG(4);AN(7);AP(7);AH(12);AY(1);AC(1);AX(4);AD(5);AB(1);AL(1);AS(3);BB(3);AG(2);AF(3);AJ(1);AM(2);BC(1);BE(3);AV(1);AK(3);AZ(2);AQ(1);BF(1);	Day10,1:32	Day10,2:8
i257	10	Day10,1:18	R10	29	100	AP(7);AW(7);BG(8);AC(3);AV(7);AK(6);AM(1);AI(1);AB(4);AZ(2);AY(7);AR(3);AH(6);AF(5);BB(4);AJ(4);BF(1);AE(2);BC(1);AD(7);AN(3);AS(3);BE(1);AX(1);AU(1);BD(1);AG(2);AL(1);AT(1);	Day10,2:18	Day10,3:4
i250	9	Day9,20:9	R7	26	80	AQ(2);AB(6);AW(5);AC(6);AP(3);AY(3);AH(10);AA(3);AN(4);AX(5);AV(3);AJ(2);BF(3);AG(4);AD(2);BC(1);AR(2);AF(1);BB(2);AK(2);BG(4);AM(2);BE(2);AU(1);AE(1);AL(1);	Day10,3:14	Day10,3:50
i249	9	Day9,19:24	R5	31	70	AR(5);BF(3);BB(2);AL(1);AH(7);AY(2);AD(1);AG(2);AC(3);AM(1);BG(3);AW(3);AE(3);AI(3);AP(4);AA(1);AX(1);AS(1);AU(1);AK(5);AJ(2);AV(3);AB(1);AF(4);AT(2);AZ(1);AQ(1);BE(1);BD(1);AN(1);BC(1);	Day10,4:0	Day10,4:32
i258	10	Day10,1:34	R1	22	50	AZ(2);AV(6);AH(3);AY(5);AE(2);AW(3);AB(3);AN(2);AK(3);AS(2);AC(1);AF(4);AM(1);AD(2);BB(1);AR(2);AX(1);BG(3);AJ(1);AT(1);AA(1);BE(1);	Day10,4:42	Day10,5:5
i247	9	Day9,18:29	R2	23	50	AV(4);AX(1);AK(4);BB(2);AP(4);AN(2);AR(2);AH(9);AL(2);AF(3);BG(2);AW(2);AB(1);AD(2);AC(1);AJ(2);AI(1);AQ(1);AS(1);AY(1);AE(1);BD(1);AG(1);	Day10,5:15	Day10,5:38
i256	10	Day10,1:4	R4	21	40	AH(4);AP(1);BA(1);AS(1);AV(4);AD(3);AK(6);BF(1);AY(2);AW(2);AC(3);AT(2);AX(2);AM(1);AB(1);AE(1);AN(1);AR(1);BG(1);BC(1);BB(1);	Day10,5:48	Day10,6:6
i259	10	Day10,5:22	R3	27	100	AP(6);BG(5);AT(4);AR(4);BB(4);AK(7);AA(2);AB(5);AZ(4);AV(9);AQ(2);AY(1);AH(11);AU(1);AN(8);AC(2);BD(3);AF(2);AW(3);AJ(2);BE(4);AE(3);AX(1);AS(1);AO(1);AD(3);BF(2);	Day10,6:16	Day10,7:1
i260	10	Day10,5:28	R1	29	70	BF(4);AS(1);AH(5);AJ(3);AM(3);AW(3);AD(5);AY(3);AX(7);AA(2);AN(3);AP(4);AQ(3);AG(2);AE(2);AR(2);BC(2);AV(2);AK(2);BD(1);AB(1);AZ(1);AF(1);AU(2);AT(1);BE(1);BG(1);BB(2);AL(1);	Day10,7:11	Day10,7:43
i261	10	Day10,5:33	R2	22	50	BG(2);AK(6);AC(4);AX(5);AW(1);AP(3);AA(2);AY(2);AT(1);AU(1);AN(3);BE(1);AJ(3);AR(3);BB(1);AQ(1);AD(3);AG(1);AV(2);AH(2);AE(2);AM(1);	Day10,7:53	Day10,8:16
i266	10	Day10,11:55	R3	24	130	AD(11);BG(4);AV(14);AK(7);AH(13);AR(9);AP(14);AW(8);AY(10);AE(2);AX(3);BF(5);AF(3);BE(4);AA(2);AN(3);AB(4);BC(2);AM(1);AT(2);AC(3);AJ(4);BA(1);AZ(1);	Day10,12:40	Day10,13:39
i267	10	Day10,12:22	R8	27	100	AW(7);AF(9);AC(3);AX(7);AY(2);AM(1);AZ(1);AT(2);AL(3);AP(9);BC(3);AJ(4);AG(2);AK(7);AH(10);AV(6);AB(3);AN(4);AU(3);AA(2);BD(4);AR(1);AD(2);BE(2);AI(1);AS(1);AQ(1);	Day10,13:49	Day10,14:35
i263	10	Day10,9:22	R6	28	90	AY(4);BA(1);AV(5);AU(4);AF(4);AM(2);BE(4);AK(2);AN(3);BC(1);AX(6);AW(3);AA(1);AO(1);AE(7);AH(10);AP(6);BF(2);AJ(3);BG(3);AR(5);AT(3);BB(2);AC(3);AL(1);AB(2);AG(1);AQ(1);	Day10,14:45	Day10,15:25
i265	10	Day10,11:40	R7	28	80	AN(3);AM(2);AK(9);AR(4);BG(4);AE(2);AW(9);AV(3);AB(3);AH(5);AF(4);AJ(1);AA(3);AD(7);AP(1);AC(2);BF(2);AL(1);AZ(1);BE(1);AX(4);AU(1);BD(1);AY(1);AI(1);AS(2);BB(2);AT(1);	Day10,15:35	Day10,16:12
i272	10	Day10,14:49	R9	26	80	AB(3);AW(10);AD(2);AC(2);AJ(6);AH(6);AK(5);AR(2);AV(5);AU(1);AN(5);AX(4);AQ(2);AA(3);AY(4);AM(1);BG(2);AG(2);BC(1);AZ(1);AP(2);AF(2);BF(2);AE(3);BE(2);AS(2);	Day10,16:22	Day10,16:58
i268	10	Day10,13:33	R1	26	60	BF(3);AS(2);BG(1);AH(4);AN(2);AM(2);AW(5);AJ(3);AV(6);AY(5);BC(2);AB(2);AF(6);AR(1);AX(2);AD(1);BB(3);AE(1);AK(2);AC(1);AP(1);AU(1);AT(1);AQ(1);BE(1);AO(1);	Day10,17:8	Day10,17:35
i269	10	Day10,13:46	R2	25	60	AR(5);AQ(2);AD(5);BC(2);AW(3);AH(6);AA(2);AL(1);AC(1);AP(6);AX(3);AF(2);AV(4);AG(1);AK(3);AE(2);AM(1);BE(1);AS(1);BB(2);BF(3);BD(1);AN(1);AB(1);AY(1);	Day10,17:45	Day10,18:13
i270	10	Day10,14:4	R3	24	60	AF(4);AC(2);AH(6);AD(3);AN(2);BE(2);AW(3);BB(4);AM(1);AV(4);AK(2);AJ(1);AE(2);AT(1);BF(4);AX(4);AS(3);AP(3);AR(1);AY(2);AA(2);BD(1);AU(2);BC(1);	Day10,18:23	Day10,18:50
i264	10	Day10,11:39	R4	22	50	AP(3);AA(2);AX(4);AS(2);BE(3);AB(2);AW(5);AH(3);AT(1);AL(2);AF(4);BC(2);BF(3);AE(2);AZ(1);AR(3);AK(2);AD(1);AY(2);AU(1);AJ(1);AV(1);	Day10,19:0	Day10,19:23
i274	10	Day10,18:21	R6	28	70	AX(5);AF(3);AV(3);AJ(4);AP(6);AY(3);BB(3);AU(2);AG(3);AN(3);BF(2);AL(1);AW(3);BE(3);AR(3);AS(1);AC(2);AD(3);BG(2);AT(1);AB(1);AH(4);BC(1);AK(2);AI(1);AQ(2);AE(1);AA(2);	Day10,19:33	Day10,20:5
i262	10	Day10,8:48	R5	17	40	AY(4);BE(3);AR(3);AW(7);AH(1);AJ(2);AP(4);AU(3);AS(2);AG(1);AC(1);AV(4);AT(1);AK(1);AE(1);BB(1);AL(1);	Day10,20:15	Day10,20:33
i271	10	Day10,14:7	R10	21	40	AH(5);AN(1);AF(2);BC(1);AQ(3);AX(3);AJ(1);AW(4);AR(2);AD(2);AA(4);BE(1);BD(2);AK(2);AE(1);AL(1);AY(1);BB(1);AV(1);AU(1);AT(1);	Day10,20:43	Day10,21:1
i273	10	Day10,16:41	R8	22	30	AR(3);AY(1);BD(1);AD(1);AL(1);AQ(2);AV(4);AB(2);AG(1);AH(2);BB(1);AF(1);AM(1);AT(1);AS(1);AZ(1);AN(1);AK(1);AX(1);BG(1);AP(1);AI(1);	Day10,21:11	Day10,21:25
i275	10	Day10,21:32	R7	29	120	AK(5);AF(7);AW(7);BA(1);BD(2);AA(2);AH(17);AR(4);BG(4);AZ(2);AX(5);AP(11);BB(3);AE(8);AT(2);AY(8);AQ(3);BE(3);AN(5);BF(2);AC(3);AB(2);AV(4);AS(1);AM(1);AU(2);AJ(3);AD(1);AG(2);	Day10,22:17	Day10,23:11
i276	10	Day10,22:12	R1	21	50	AP(2);AV(4);AK(4);AF(4);AE(4);AA(2);AJ(6);BB(1);BF(1);AC(2);AN(3);AQ(2);AG(1);AX(2);AW(2);BG(2);BE(2);BA(1);AR(1);AH(3);AS(1);	Day10,23:21	Day10,23:44
i277	11	Day11,1:37	R9	28	80	AU(2);AY(2);BB(4);AC(1);AW(8);AG(1);AT(1);AM(3);AK(5);AX(2);AJ(5);AV(8);AN(2);AH(6);AD(2);BF(1);AA(1);AL(2);BE(2);AP(6);AS(4);AQ(2);BG(4);AE(1);AB(2);AR(1);AF(1);AO(1);	Day11,2:22	Day11,2:58
i278	11	Day11,3:27	R2	19	40	AJ(1);AA(3);BF(1);AV(4);AC(1);AL(1);AR(1);BB(3);AN(4);AE(2);AW(2);AH(5);AP(1);AY(2);AQ(2);AK(3);AF(1);AD(2);BC(1);	Day11,4:12	Day11,4:30
i279	11	Day11,3:38	R3	22	40	AQ(2);AZ(3);AD(3);AH(4);AI(2);AJ(3);BG(2);AF(2);AX(3);AE(3);AC(2);AY(1);BF(1);BD(1);BB(1);AR(1);BE(1);AA(1);AW(1);AM(1);AN(1);AU(1);	Day11,4:40	Day11,4:58
i280	11	Day11,6:19	R1	29	100	AH(7);AY(4);AB(4);AK(6);AV(8);AF(8);AU(1);AC(3);AP(8);AW(8);AE(5);AD(2);AZ(1);BF(3);AJ(6);AX(3);AM(1);BE(3);BB(2);AG(1);AL(1);AO(2);BA(2);BC(1);AQ(3);BG(1);AR(3);AN(2);AS(1);	Day11,7:4	Day11,7:50
i284	11	Day11,8:45	R3	29	100	AY(5);AP(7);AT(1);AF(6);AS(2);AW(2);AN(3);BG(5);BC(4);BA(1);AH(8);AB(3);AU(3);AJ(4);AG(2);BB(3);BF(2);BD(2);AX(2);AV(9);AQ(4);AD(5);AA(2);BE(2);AR(6);AZ(1);AE(2);AK(3);AL(1);	Day11,9:30	Day11,10:15
i282	11	Day11,8:11	R4	27	100	AH(15);AW(7);AF(5);AP(8);AC(5);BC(4);AJ(2);AR(3);AX(7);AB(1);AV(2);AS(2);AA(1);AY(3);AE(3);BG(6);AZ(1);AK(9);AG(1);BB(4);AN(2);BF(1);AL(1);AD(4);AU(1);AQ(1);BE(1);	Day11,10:25	Day11,11:10
i283	11	Day11,8:29	R5	25	80	AQ(3);AY(6);AR(4);BC(4);AG(2);AJ(4);BG(4);AX(4);AP(3);BA(2);AB(3);AK(5);BE(1);AF(3);AA(4);AD(3);AH(4);AM(2);AZ(1);AW(8);BB(1);AT(2);AV(2);AN(4);AC(1);	Day11,11:20	Day11,11:57
i285	11	Day11,9:53	R6	26	70	AE(2);AB(3);AU(2);BB(4);AK(5);AC(4);AD(2);AY(4);AF(2);BA(2);AH(8);AW(3);AV(5);BF(3);AP(2);BG(2);AM(2);AN(3);AX(2);BD(1);AO(1);BE(1);AJ(3);AQ(1);AL(1);AS(2);	Day11,12:7	Day11,12:39
i287	11	Day11,11:37	R8	24	60	AX(5);AK(4);AB(2);BG(5);AW(4);AQ(3);AH(4);AZ(1);AR(4);AJ(3);AF(4);AV(2);AO(1);AG(1);AU(1);AE(2);AI(2);AD(1);AL(2);BF(2);AY(2);AN(3);AS(1);AT(1);	Day11,12:49	Day11,13:16
i288	11	Day11,12:17	R1	23	70	AN(6);AX(6);AB(4);AK(3);AP(3);AW(4);BC(1);AU(3);AY(4);BF(1);AD(7);AJ(2);AH(5);BD(1);BA(1);AZ(1);AV(8);AA(1);AF(2);BG(3);AR(2);AL(1);AQ(1);	Day11,13:26	Day11,13:58
i281	11	Day11,7:29	R2	21	50	AS(3);AW(6);AE(2);AR(1);AD(3);BG(1);BB(2);AH(3);AJ(3);AN(1);AV(6);AP(3);AM(1);AC(1);AF(1);AK(3);BC(1);AY(5);AX(2);AA(1);AU(1);	Day11,14:8	Day11,14:30
i286	11	Day11,10:8	R7	25	50	AE(1);BG(4);BF(1);AW(3);AA(2);AY(4);AD(4);AX(2);BE(1);AB(1);AZ(1);AR(2);BC(2);AU(1);AH(6);AF(2);AM(1);AL(1);AG(1);AP(4);AJ(1);AS(1);AV(2);AQ(1);AK(1);	Day11,14:40	Day11,15:3
i292	11	Day11,16:4	R6	29	100	AC(5);AD(4);AE(5);AU(3);AH(8);BC(3);BG(3);AI(2);AV(10);BF(2);AK(6);AP(3);AW(12);BB(4);AB(1);BE(2);BA(2);AN(4);AS(1);AG(2);AR(3);AY(2);AA(2);AJ(3);AQ(2);AX(2);AF(1);AO(1);AL(2);	Day11,16:49	Day11,17:34
i290	11	Day11,15:29	R4	26	70	AN(4);BE(3);AC(2);AB(3);AS(4);AV(4);AW(5);AJ(5);AL(1);AY(3);AP(6);AD(2);AX(6);AM(1);AR(2);BG(2);BD(2);BC(1);AF(3);AO(3);AE(3);AK(1);AZ(1);AH(1);AA(1);AT(1);	Day11,17:44	Day11,18:16
i293	11	Day11,17:2	R9	29	90	AN(3);AW(6);AY(2);AE(5);BB(7);AM(2);AV(9);AC(3);AP(5);AF(4);AK(6);AJ(3);AL(3);AR(2);AS(1);AD(2);AH(7);BE(2);AO(1);BG(2);AZ(2);AI(3);AQ(1);AX(2);BF(2);AG(2);AU(1);AB(1);BD(1);	Day11,18:26	Day11,19:7
i289	11	Day11,15:12	R3	24	60	AN(2);AV(3);AW(7);AS(2);AC(2);BG(2);AD(6);AH(5);AK(4);AL(1);AA(2);AR(2);BF(1);AF(3);AP(3);AX(1);AJ(3);AO(1);AT(2);AB(2);AY(2);AQ(1);AU(2);AZ(1);	Day11,19:17	Day11,19:44
i296	11	Day11,18:57	R2	29	100	AR(3);AW(9);BE(4);AY(6);AD(5);AL(2);AX(6);BG(3);BF(2);AU(6);BB(3);AO(1);AG(2);AB(6);AS(3);AM(1);AQ(1);AN(1);BC(2);AP(2);AA(3);AV(5);AH(9);AK(5);AC(1);AF(3);AJ(4);AZ(1);BA(1);	Day11,19:54	Day11,20:40
i295	11	Day11,18:0	R1	23	50	AD(1);AW(2);BE(3);AZ(1);AS(4);AK(8);BC(2);AR(1);AP(3);BD(1);AE(3);AF(2);AY(2);AV(3);AJ(1);AN(3);AH(3);AA(1);BG(2);AX(1);AL(1);BF(1);BB(1);	Day11,20:50	Day11,21:12
i291	11	Day11,16:3	R5	25	50	AN(3);BC(3);BG(2);BB(2);BF(3);AJ(4);AT(1);AG(2);AA(2);AP(2);AF(4);AY(2);AH(2);AD(2);BD(2);AC(1);AU(2);AS(1);AW(3);AK(1);AB(1);AM(1);AV(2);BE(1);AX(1);	Day11,21:22	Day11,21:45
i294	11	Day11,17:47	R10	21	40	AO(1);AP(2);AF(1);AW(5);AY(2);AX(4);AG(1);BG(2);AT(1);AH(5);AJ(2);BE(1);AR(1);AQ(2);AK(2);BB(2);AD(2);AI(1);AE(1);AM(1);BF(1);	Day11,21:55	Day11,22:13
i297	11	Day11,21:16	R4	26	100	AU(2);AY(6);AN(4);AI(2);AC(2);AW(7);AH(9);AB(6);AP(7);AK(8);AT(3);BE(2);BF(3);AD(4);BB(3);AF(2);AX(3);AM(3);AV(5);AR(5);BC(3);AE(1);BG(5);AJ(3);AO(1);AG(1);	Day11,22:23	Day11,23:9
i298	11	Day11,21:57	R6	25	70	BG(3);AY(4);AG(1);AK(4);AD(1);AB(4);AF(5);BF(3);AW(4);AP(4);AH(5);BD(3);AN(5);AC(4);AE(2);AU(1);AX(3);AV(4);BE(2);BA(1);BB(2);AS(1);AA(2);AO(1);AI(1);	Day11,23:19	Day11,23:51
i300	11	Day11,23:1	R8	24	80	AP(5);AX(3);AD(8);AV(4);AB(3);BC(2);AA(1);AY(6);AJ(4);AE(4);BF(4);AF(4);BB(3);AW(6);BE(2);BG(4);AR(2);AH(3);AC(1);AQ(2);AN(3);AL(2);AT(1);AK(3);	Day12,0:1	Day12,0:37
i299	11	Day11,22:21	R7	26	50	BG(4);AX(2);AH(4);AP(4);AV(2);AA(1);BF(3);AS(1);AR(2);BB(1);AF(1);AK(4);AC(2);AW(2);AN(2);BE(1);BC(1);AE(1);BD(1);AJ(2);AB(3);AO(1);AD(2);BA(1);AQ(1);AM(1);	Day12,0:47	Day12,1:10
i301	12	Day12,0:24	R1	26	60	BF(2);AU(1);AM(1);AJ(3);AW(3);AP(5);BB(2);AH(3);AC(3);AR(3);AN(3);AA(1);AO(1);BG(1);BE(3);AK(5);AB(6);BC(1);AE(2);BD(1);AV(3);AY(2);AQ(1);AX(1);AF(1);AZ(2);	Day12,1:20	Day12,1:47
i302	12	Day12,1:30	R2	25	100	AC(3);AU(3);AT(1);AN(4);AP(11);AJ(6);AW(9);AR(4);AF(5);BB(2);BE(2);AX(5);AB(4);AH(14);BG(2);AK(9);AS(2);AY(6);AA(1);AV(1);AZ(1);AI(1);BC(2);BA(1);AL(1);	Day12,2:15	Day12,3:0
i305	12	Day12,5:40	R5	26	90	AD(7);AK(4);AA(6);AV(3);AF(8);BC(4);AP(4);AG(2);AB(5);AW(7);AE(1);BF(8);AQ(1);AM(2);AH(7);AY(2);AX(6);AC(1);AR(1);AZ(2);BE(1);AJ(2);BB(1);AS(1);AN(2);BG(2);	Day12,6:25	Day12,7:6
i307	12	Day12,6:30	R1	25	60	AV(4);AN(2);AH(12);AA(4);BF(5);AD(1);AX(2);AO(2);AF(1);AI(1);BG(3);BE(1);BB(2);AK(1);AY(3);AR(3);AW(4);AP(1);AB(2);AM(1);AC(1);AJ(1);BA(1);AZ(1);AS(1);	Day12,7:16	Day12,7:44
i306	12	Day12,6:4	R6	25	60	AF(2);AD(1);AX(1);AV(3);AQ(1);AU(1);AM(3);AE(3);BG(1);AW(6);AY(4);AR(3);AS(1);AK(5);AB(2);AP(5);BA(1);AN(3);AC(1);AH(7);BE(2);BB(1);AA(1);AJ(1);BC(1);	Day12,7:54	Day12,8:21
i309	12	Day12,7:24	R5	29	100	AH(13);BB(2);AK(6);AS(3);AN(2);BA(1);AJ(3);AF(3);AP(6);AU(2);AE(2);AB(2);AV(5);BC(6);AY(5);AD(4);AA(3);AW(9);AX(4);AQ(1);BF(5);AL(2);AZ(3);BD(1);BG(1);AI(2);AC(2);AM(1);AR(1);	Day12,8:31	Day12,9:16
i308	12	Day12,7:24	R2	21	40	AN(3);AT(1);BB(2);AW(4);BG(2);AM(1);BF(3);AB(2);BA(3);AD(4);AY(2);AJ(2);AF(2);AP(1);AR(1);AX(1);AO(1);AV(1);AK(1);AH(2);AQ(1);	Day12,9:26	Day12,9:45
i303	12	Day12,3:4	R3	21	40	AY(4);AH(5);AI(3);AJ(1);BF(1);BD(2);BG(2);AE(1);AR(2);AW(3);AB(1);AV(3);AU(1);BE(2);AP(2);AN(1);AC(1);AL(1);AA(1);AK(2);AQ(1);	Day12,9:55	Day12,10:13
i304	12	Day12,3:30	R4	20	40	AB(6);AI(1);BC(1);AH(4);AP(2);AR(1);AS(2);AC(4);AJ(4);BE(1);AT(1);AV(3);AX(1);AD(3);AY(1);AO(1);AF(1);BD(1);AA(1);AW(1);	Day12,10:23	Day12,10:41
i312	12	Day12,12:6	R8	30	140	AZ(5);AV(3);BC(4);AH(10);AM(3);AA(4);BB(5);AY(8);AP(11);AF(5);AN(5);BF(3);AW(8);AR(4);AE(8);AQ(2);AB(4);BG(5);AJ(5);AK(10);AI(3);AD(5);AX(5);AG(3);AC(3);AT(1);AS(3);BD(2);BE(2);AU(1);	Day12,12:51	Day12,13:54
i310	12	Day12,11:15	R7	28	100	BF(4);AF(6);AH(8);AC(4);AW(9);AV(4);AQ(5);AP(11);AG(2);AD(3);BE(2);AK(4);BB(2);AN(5);BG(4);AY(1);AB(3);AL(1);AA(3);AR(4);AX(4);AU(2);AM(2);AT(1);AJ(1);AE(3);BC(1);AS(1);	Day12,14:4	Day12,14:50
i311	12	Day12,12:5	R1	30	90	AX(5);AS(2);AV(12);AN(3);AR(7);AF(6);AL(1);AA(3);AJ(6);AC(2);AQ(2);AK(3);BG(3);AW(6);AO(1);AB(1);BF(2);AY(4);AH(7);BB(3);AM(2);BA(1);BC(1);AD(1);BE(1);AU(1);AG(1);AP(1);AE(1);AI(1);	Day12,15:0	Day12,15:41
i314	12	Day12,14:1	R2	29	70	AE(1);BB(1);AH(6);AX(3);AF(7);AG(2);AJ(2);AR(2);BE(2);AK(5);AC(1);BG(2);AD(3);AV(3);BC(2);AP(3);AB(2);AW(4);AA(3);AT(1);AM(1);BD(3);AY(2);BA(1);AZ(1);AS(1);AN(3);AI(2);AQ(1);	Day12,15:51	Day12,16:23
i316	12	Day12,15:37	R4	30	100	AW(15);AQ(2);AK(2);AH(8);AV(6);AD(6);AC(2);AY(3);BF(3);BB(2);AB(2);AL(2);AM(3);AX(5);AS(3);AE(3);AJ(1);AO(1);BG(3);AR(4);BE(2);AN(4);BA(1);AT(5);BC(5);AF(1);AP(2);AA(2);BD(1);AI(1);	Day12,16:33	Day12,17:18
i313	12	Day12,13:52	R9	24	50	AE(1);AQ(2);BE(1);AN(4);AT(3);BF(1);AJ(4);AW(3);AU(2);AA(3);AK(1);AF(2);AP(1);AZ(1);AY(2);AB(2);AX(2);BC(1);AD(2);AH(4);BG(3);AV(3);AM(1);AI(1);	Day12,17:28	Day12,17:51
i315	12	Day12,14:47	R3	22	40	AJ(3);AX(1);AV(4);AP(2);AQ(1);AN(2);AD(2);AK(4);BC(2);AW(4);AB(1);AF(2);BF(1);BB(1);AE(1);AI(1);AH(3);AU(1);AA(1);AR(1);AC(1);BG(1);	Day12,18:1	Day12,18:19
i317	12	Day12,17:25	R5	25	60	AX(4);AC(3);BA(2);AA(1);AT(1);AP(2);AR(4);AH(6);AY(7);BG(2);AW(5);AQ(1);AL(1);AJ(4);BE(1);AV(1);BB(2);AS(1);AF(3);AU(3);BD(1);AE(2);AG(1);AZ(1);AO(1);	Day12,18:29	Day12,18:56
i319	12	Day12,19:51	R1	26	70	AU(3);BB(5);BE(5);BF(3);AP(6);AR(5);AH(5);AW(1);AX(1);AF(2);AV(4);BD(3);AY(2);AO(1);AJ(4);AN(4);AM(2);AE(3);AK(2);AT(1);AQ(3);AI(1);AA(1);AD(1);AS(1);BG(1);	Day12,20:36	Day12,21:8
i318	12	Day12,18:28	R6	19	30	AY(2);BC(1);AA(3);AS(2);AK(1);AP(4);AG(2);BF(2);BE(1);AX(2);AE(1);AR(1);AC(1);BD(1);AN(1);BG(1);AH(2);AQ(1);AD(1);	Day12,21:18	Day12,21:32
i321	12	Day12,23:43	R2	27	80	AW(4);AC(3);AT(4);AR(6);AX(3);BF(5);AK(5);AN(4);AP(5);AV(5);BC(3);BA(1);BE(2);AD(1);AZ(1);AJ(3);BB(3);AH(6);AF(2);AY(4);AS(2);AA(1);BG(2);AL(1);AO(2);AB(1);AM(1);	Day13,0:28	Day13,1:4
i322	13	Day13,0:13	R3	29	90	AK(5);AM(5);BB(1);AP(6);AB(4);AW(8);BG(9);BD(3);AX(2);AV(8);AD(4);AJ(3);AH(7);AO(1);BE(2);AA(2);BF(3);AT(1);AU(2);AY(1);AR(2);AL(1);AE(3);AN(1);BA(1);AF(2);AZ(1);AG(1);AC(1);	Day13,1:14	Day13,1:55
i320	12	Day12,21:44	R1	22	50	AS(3);AW(2);AJ(1);BB(3);BG(5);AE(2);AH(6);BC(1);AY(2);AF(3);AG(1);AR(3);BF(1);AP(2);AU(2);AD(1);AC(2);AT(1);AV(3);AM(2);AA(1);AX(3);	Day13,2:5	Day13,2:28
i323	13	Day13,1:43	R2	23	70	AC(6);AX(8);AZ(2);AJ(4);AH(7);BF(2);AK(5);AA(2);AF(3);AV(3);BG(4);AS(3);BC(3);AP(1);AY(2);AR(3);AE(1);AO(1);AD(3);AW(2);AN(3);AB(1);BE(1);	Day13,2:38	Day13,3:10
i325	13	Day13,2:23	R4	27	80	AY(5);AH(7);AL(1);AA(4);AK(4);AQ(3);BG(5);BB(3);AT(2);BF(1);AF(3);AZ(1);AP(3);AM(1);AI(3);AD(2);AX(5);BC(2);AV(3);AU(2);AN(2);AS(2);AW(5);AC(3);AR(4);AJ(2);AG(2);	Day13,3:20	Day13,3:56
i326	13	Day13,2:59	R5	30	120	AS(2);AH(12);AK(7);AN(8);AE(2);AA(4);AY(4);AP(4);AF(7);BF(3);AO(1);AU(3);BG(5);BE(5);AW(9);AI(2);AR(5);AV(3);AX(8);AB(5);AQ(2);BD(2);AJ(2);AC(4);AM(1);BA(1);AZ(1);BB(2);AD(4);AL(2);	Day13,4:6	Day13,5:1
i324	13	Day13,2:3	R6	27	70	AY(5);BG(8);AB(2);AH(2);AW(5);BE(3);AF(4);AZ(1);AV(4);AJ(5);AU(1);AP(2);AD(6);BC(2);AC(1);AX(2);AR(1);AN(1);AK(3);AQ(2);BB(1);BA(2);BF(2);AA(2);AT(1);BD(1);AI(1);	Day13,5:11	Day13,5:42
i327	13	Day13,4:36	R1	20	40	AP(3);BB(1);AF(2);AD(3);AA(1);AS(2);AC(5);AV(1);AH(4);AB(2);BF(3);AY(2);AK(2);AN(1);BC(1);AR(2);AJ(1);AW(2);AQ(1);AG(1);	Day13,5:52	Day13,6:11
i328	13	Day13,5:8	R3	26	80	AJ(4);BE(3);AX(5);AF(4);AC(3);AH(8);BD(1);BB(2);AV(7);AR(4);AK(4);AS(3);AP(5);BC(1);AW(7);AZ(1);AN(4);AL(1);AD(1);AE(3);AI(1);AB(3);AY(1);AG(2);AT(1);BF(1);	Day13,6:21	Day13,6:57
i330	13	Day13,5:33	R2	24	70	AY(2);AP(4);AA(3);AS(2);AB(3);BF(5);AE(2);AR(3);AH(10);AW(4);AJ(3);BB(2);AX(4);AF(3);AM(3);AT(1);AV(5);AD(3);BG(2);AK(1);AU(1);AN(1);AC(2);AL(1);	Day13,7:7	Day13,7:39
i329	13	Day13,5:31	R7	26	70	AI(1);AX(2);AL(3);AF(4);AG(1);AV(5);AN(8);AY(2);AD(4);BG(2);AC(1);AU(3);AW(8);AM(3);AE(2);AZ(2);AH(1);AP(5);BE(2);AK(3);AB(1);AT(2);AR(1);AA(1);AQ(2);BC(1);	Day13,7:49	Day13,8:21
i331	13	Day13,8:26	R4	23	70	AW(9);AX(4);AV(4);AF(6);AT(3);AI(2);BB(1);AN(1);BG(4);AE(3);AK(5);BF(2);AY(3);AH(8);AP(2);AM(1);BE(1);AS(1);AC(3);AQ(2);AL(1);AR(3);AA(1);	Day13,9:11	Day13,9:43
i332	13	Day13,8:33	R5	29	70	AE(2);AY(4);BG(7);AV(3);AL(1);AC(3);AK(4);AH(5);AX(3);AN(3);AB(2);AJ(1);BB(2);AR(2);AF(3);AW(8);AO(1);AI(1);AU(1);BE(3);BF(2);AP(1);AM(2);AD(1);AS(1);AA(1);BC(1);AZ(1);BD(1);	Day13,9:53	Day13,10:25
i336	13	Day13,13:31	R3	30	110	AV(5);AK(3);AD(4);AP(8);BF(2);AG(4);AC(5);AF(5);AM(4);BC(1);AW(5);AX(2);AH(8);BE(8);AL(3);AB(5);AE(7);AN(3);BG(5);AR(4);AT(1);BB(4);AQ(1);AI(1);AZ(4);AY(2);BA(2);AJ(2);BD(1);AU(1);	Day13,14:16	Day13,15:6
i334	13	Day13,10:58	R1	27	100	BD(2);AR(4);AH(8);AW(9);AL(2);BF(1);AT(2);AB(2);AN(6);AS(3);AJ(5);AV(2);BG(5);AP(8);AK(7);AX(7);AU(1);BE(2);AE(4);AF(6);BB(4);BC(2);AC(2);AY(1);AD(3);AA(1);AM(1);	Day13,15:16	Day13,16:1
i339	13	Day13,15:25	R3	31	130	AV(11);AH(14);AF(5);AN(3);AD(8);AM(3);AR(6);AK(9);AU(3);AP(5);AW(8);AL(2);AJ(5);AG(2);BB(3);BG(2);AB(2);AY(6);BE(4);AA(3);BC(1);AE(4);AI(2);AX(5);AT(3);BF(3);AO(2);AZ(2);AQ(1);AC(2);BD(1);	Day13,16:11	Day13,17:10
i340	13	Day13,15:34	R1	30	100	AH(9);AT(2);AQ(5);AY(4);AO(1);AJ(3);AR(4);BG(4);BD(2);BB(6);AP(6);AZ(1);AF(3);AE(2);BC(3);AW(6);BE(1);AU(5);AN(3);AD(2);AI(2);AX(6);AK(7);AB(2);BF(2);AS(2);AC(1);AV(2);AA(2);AM(2);	Day13,17:20	Day13,18:6
i335	13	Day13,11:51	R2	26	80	AW(7);BG(2);AK(3);BC(4);AY(6);AF(1);AJ(2);AH(5);BF(2);BB(4);AV(4);BA(1);AC(4);AA(2);AU(1);BD(1);AN(5);AR(6);AP(5);AZ(2);AD(4);AS(1);AE(2);AX(3);AI(1);AQ(2);	Day13,18:16	Day13,18:52
i338	13	Day13,15:1	R5	29	80	AX(4);AY(5);AW(4);AP(5);BF(4);BE(3);BA(2);AG(1);AK(5);AM(2);AJ(5);AV(3);BB(4);AF(2);BG(3);AD(3);BC(1);AQ(3);AB(3);AE(2);AH(4);AC(2);AR(3);AN(1);AU(1);AT(1);AA(1);AS(2);AI(1);	Day13,19:2	Day13,19:38
i344	13	Day13,17:39	R10	28	80	AJ(9);AQ(1);BG(4);BD(2);AC(3);BE(2);AN(4);AF(5);AV(4);AE(2);AX(3);AG(2);BF(4);AH(5);AD(4);AB(2);AW(1);AP(3);BB(1);AY(2);AK(5);AO(1);AS(1);AA(2);AM(3);BC(2);AZ(1);AR(2);	Day13,19:48	Day13,20:25
i337	13	Day13,14:29	R4	25	70	AY(4);AS(1);BF(4);AP(7);AH(8);AW(3);AX(3);BE(2);AN(5);AV(4);AC(1);AU(2);AR(2);BG(1);AG(4);AK(4);BD(1);AI(1);AZ(1);AB(2);BC(2);AD(3);AE(2);AM(2);AA(1);	Day13,20:35	Day13,21:7
i333	13	Day13,10:20	R6	24	50	AH(6);AS(2);AE(2);AR(3);AY(3);AN(4);BG(3);AV(2);BE(1);AT(3);AK(3);AW(2);BD(1);BB(1);AX(1);AI(1);AF(2);AB(2);AM(2);BF(2);AL(1);AA(1);AC(1);AD(1);	Day13,21:17	Day13,21:39
i347	13	Day13,20:55	R2	25	70	AH(16);AK(7);AA(3);AW(5);AJ(5);AS(3);BG(2);AF(1);AY(3);BB(1);BD(1);BE(3);AD(1);BC(1);AX(5);AE(1);BF(2);AU(1);AV(2);AT(1);AG(1);AR(1);AN(1);AC(2);AP(1);	Day13,21:49	Day13,22:21
i348	13	Day13,21:38	R5	27	90	AW(7);AX(6);AY(5);BE(2);AP(5);AV(6);AM(2);BG(5);AO(1);AJ(3);AE(1);AH(10);AB(4);AZ(2);AG(1);AK(4);AR(5);AU(3);AA(2);BB(3);AN(4);AC(2);BD(1);AS(1);AD(3);BF(1);AF(1);	Day13,22:31	Day13,23:12
i349	13	Day13,21:57	R10	30	120	AV(3);AQ(6);AJ(7);AB(5);AC(2);AP(7);BD(3);AO(2);BG(7);AE(2);AY(7);AX(5);BE(6);AS(2);AF(6);AW(8);AG(2);AZ(2);AM(2);AL(2);AU(3);AH(4);AK(9);AD(6);AT(3);AR(1);AA(2);AI(3);BF(2);BB(1);	Day13,23:22	Day14,0:17
i350	13	Day13,23:37	R2	26	100	AQ(3);AW(11);AH(9);AN(10);AK(7);AU(4);AJ(4);AC(4);AB(5);AD(2);AF(5);BA(1);AR(1);AE(1);AA(2);BB(2);AZ(1);AP(1);BF(2);AL(2);AS(2);AX(6);AM(3);AV(8);BG(3);AT(1);	Day14,0:27	Day14,1:12
i342	13	Day13,17:1	R8	24	50	AW(3);AU(1);AV(7);AR(2);AQ(2);BG(3);AT(1);AH(4);BF(1);AJ(4);BE(1);AM(2);AF(2);AD(6);AG(2);AA(1);AE(1);AC(1);AN(1);AP(1);AO(1);AB(1);AX(1);BB(1);	Day14,1:22	Day14,1:45
i341	13	Day13,15:34	R7	23	40	AA(2);AY(1);AF(1);AB(2);AN(2);AU(2);AJ(3);AW(3);AV(3);BE(1);BA(2);BD(1);AR(3);BC(1);BG(2);AI(1);BB(3);AS(1);AT(1);AK(1);AE(2);AH(1);AD(1);	Day14,1:55	Day14,2:13
i343	13	Day13,17:32	R9	20	40	AT(1);AH(6);AP(2);AF(4);AO(3);AV(3);BE(2);AD(3);AE(1);AN(1);AW(2);BF(2);BB(2);AX(1);BD(1);AL(1);AY(1);AR(2);AC(1);AG(1);	Day14,2:23	Day14,2:41
i345	13	Day13,17:44	R1	19	30	AK(3);AY(2);BD(1);AW(3);AX(2);AP(4);BC(1);AQ(1);BG(2);AA(2);AD(1);AB(1);AE(1);BB(1);AS(1);AC(1);BA(1);AN(1);AH(1);	Day14,2:51	Day14,3:5
i346	13	Day13,20:9	R3	18	30	BF(2);AD(1);AR(1);AO(1);AB(3);AW(5);AV(3);AQ(1);AI(2);AL(1);AM(1);AX(2);AY(1);BG(1);AP(2);AC(1);AT(1);BB(1);	Day14,3:15	Day14,3:28
i352	14	Day14,2:39	R5	26	90	AM(4);AC(1);AB(6);AH(8);AR(8);AD(7);BA(2);AG(1);BG(6);AV(6);AW(5);BE(4);AK(2);AY(3);BC(3);AS(2);AF(4);BB(2);AN(5);AO(1);AX(3);BF(2);AT(1);AA(1);AJ(1);AP(2);	Day14,3:38	Day14,4:19
i351	14	Day14,1:9	R4	17	30	AX(3);AD(3);AE(1);AR(2);AN(1);AH(3);BG(1);BE(1);AM(1);AW(2);BC(1);AZ(1);BF(1);AV(3);AK(3);AJ(1);AP(2);	Day14,4:29	Day14,4:43
i356	14	Day14,11:28	R5	26	80	BG(6);AX(5);AW(12);AN(5);AF(1);AO(1);AD(1);AT(2);AP(6);AK(3);AU(2);AQ(3);AS(1);AJ(4);AR(2);AH(6);AV(5);AY(4);BC(2);BF(1);BE(1);AB(1);AZ(1);AE(2);BD(1);BB(2);	Day14,12:13	Day14,12:49
i357	14	Day14,11:47	R4	25	100	AP(5);AF(4);AW(9);AR(8);AK(7);AX(5);AE(5);AH(12);AJ(1);AN(4);AD(5);AV(6);AB(5);BB(3);AC(1);AM(6);AL(1);BC(2);AA(1);AY(1);AQ(2);BF(1);BE(3);AU(2);BG(1);	Day14,12:59	Day14,13:44
i355	14	Day14,10:30	R3	22	50	AF(4);BC(2);AH(5);AP(5);AR(3);AC(2);BE(1);AJ(4);AK(1);AN(2);AB(2);AM(2);AX(3);AQ(2);AW(2);BG(2);BA(1);AO(1);AA(1);AS(1);AD(2);AY(2);	Day14,13:54	Day14,14:17
i354	14	Day14,9:31	R1	20	40	AS(2);AH(7);AB(2);AV(2);AJ(2);AU(1);AP(3);AE(2);AD(1);AT(2);AM(2);AW(2);AN(1);AF(2);BG(2);AY(1);AQ(3);AL(1);AC(1);BF(1);	Day14,14:27	Day14,14:45
i359	14	Day14,12:28	R5	20	40	AS(1);AY(4);AM(2);AR(3);AF(2);AV(3);BF(2);AH(1);AX(3);AP(3);AI(2);AD(1);AE(1);AJ(1);AW(2);BG(2);AK(2);BB(2);BE(1);AN(2);	Day14,14:55	Day14,15:13
i358	14	Day14,11:51	R6	20	40	AE(1);AW(5);AD(2);AA(2);BG(2);AP(3);AH(4);BC(3);AK(1);AR(1);AB(2);AF(2);AX(2);AV(2);AG(1);AY(2);BF(1);AM(1);AO(1);AC(2);	Day14,15:23	Day14,15:42
i361	14	Day14,15:3	R3	28	100	BG(5);AN(4);AD(3);AE(2);AC(5);AH(4);AK(10);AW(6);BB(3);AP(7);AF(5);AX(4);AV(3);AB(2);BC(3);AU(4);AJ(6);AA(1);AR(5);BE(4);AQ(4);AY(3);AI(1);AS(1);AG(1);BD(1);AM(2);BF(1);	Day14,15:52	Day14,16:37
i362	14	Day14,15:59	R1	28	120	AM(4);AP(8);AN(7);AC(4);AQ(2);BG(5);AV(7);AT(2);AJ(4);AH(8);AW(12);AK(9);AX(6);AF(5);BB(4);AS(2);AI(4);AO(1);AL(2);BC(3);BE(8);AD(2);AU(3);AE(1);AR(3);AA(2);AZ(1);AB(1);	Day14,16:47	Day14,17:42
i364	14	Day14,16:29	R5	26	90	AP(10);AW(11);AY(4);BG(1);AX(6);AK(8);AR(3);AH(8);AJ(1);AL(3);AF(3);AM(2);AD(5);BF(3);BD(1);AI(1);AC(3);AQ(2);AE(1);BB(2);AU(2);AV(4);AA(1);BC(1);AN(3);AZ(1);	Day14,17:52	Day14,18:33
i360	14	Day14,14:57	R7	25	80	AN(3);BF(3);AH(5);AW(6);AP(3);BG(1);AL(1);AJ(5);AS(3);BE(5);BC(3);AV(2);AT(2);AE(3);BD(1);AK(8);AA(6);AC(5);AX(4);AB(2);AM(3);AI(1);AD(2);AF(2);AY(1);	Day14,18:43	Day14,19:19
i365	14	Day14,17:9	R8	25	60	AP(4);AH(6);AV(2);BB(2);BG(2);AG(1);AB(1);AX(5);AJ(1);AR(2);AW(7);AI(1);AE(3);AF(2);AS(2);AM(2);AY(2);AN(5);AD(2);BC(2);AT(2);BF(1);BE(1);BD(1);AK(1);	Day14,19:29	Day14,19:56
i369	14	Day14,19:18	R6	28	90	AP(4);BG(4);AV(5);AY(4);AH(4);AC(4);AK(7);AR(4);AW(4);AX(6);AQ(6);AN(3);AF(7);BE(3);AA(1);BB(4);AU(3);AB(2);BC(1);AS(2);AM(2);BD(1);AD(3);AO(1);BF(2);AG(1);AE(1);AJ(1);	Day14,20:6	Day14,20:47
i367	14	Day14,18:53	R10	30	70	BG(3);AJ(5);AP(4);AH(3);AS(2);AK(2);AX(3);AY(3);AF(2);AM(1);AZ(1);BD(2);AL(2);AW(5);BB(3);AN(2);BE(1);AC(3);AR(4);AD(2);AB(3);AV(3);AE(2);AT(1);AO(1);AU(2);AA(1);AQ(2);AI(1);AG(1);	Day14,20:57	Day14,21:29
i366	14	Day14,17:33	R9	26	60	AX(3);BG(4);AH(6);AN(2);BD(1);BB(3);AM(2);AV(5);AG(2);BC(2);AR(2);AY(1);AW(4);AC(2);AK(3);AZ(1);AA(1);AB(3);AQ(3);AD(2);AF(1);AP(1);AS(2);AJ(2);AE(1);BE(1);	Day14,21:39	Day14,22:6
i368	14	Day14,19:3	R1	23	50	AK(5);AM(1);AT(2);AR(1);AU(5);AC(3);AH(1);AI(1);AW(7);BG(1);AV(4);AJ(2);AL(1);AD(1);AB(2);AP(4);AN(1);BE(2);BF(2);AF(1);AA(1);BA(1);AX(1);	Day14,22:16	Day14,22:39
i371	14	Day14,21:46	R5	27	70	AP(6);AF(2);BA(1);BG(2);AM(1);AQ(3);BE(2);AK(2);AH(5);AR(6);AU(3);AX(7);AW(6);AT(1);AY(1);BC(2);AE(2);AV(5);AC(2);BB(2);BD(1);AN(2);AL(1);AA(2);AS(1);AG(1);AD(1);	Day14,22:49	Day14,23:21
i370	14	Day14,21:43	R3	24	60	AE(2);AY(5);AL(1);AJ(3);AB(2);AR(3);AH(5);AP(3);AA(2);BF(3);AV(5);AN(3);BB(3);AU(1);AW(2);AZ(1);AK(2);BG(4);AX(1);AS(2);AF(3);AC(1);AG(1);AM(2);	Day14,23:31	Day14,23:58
i373	14	Day14,22:18	R6	26	60	BG(3);AM(2);AF(5);BC(1);AK(7);AT(2);AH(6);BA(1);BB(4);AR(2);AE(2);AN(5);AC(1);AY(2);AU(1);AP(3);AV(2);AX(2);AA(1);AW(1);AJ(1);BE(2);AO(1);AI(1);AZ(1);AQ(1);	Day15,0:8	Day15,0:35
i372	14	Day14,21:46	R7	20	40	AQ(1);AU(2);AX(5);AN(2);AJ(2);AV(3);AM(2);AY(2);BF(1);AE(1);AC(3);AR(2);AW(2);AK(2);BB(3);AB(2);AP(1);AD(2);AL(1);AS(1);	Day15,0:45	Day15,1:3
i353	14	Day14,8:49	R2	20	30	AY(3);BE(2);AD(1);AT(2);AC(3);AX(1);AW(2);BG(1);AU(1);BA(1);AP(2);AN(2);AV(2);BC(1);AA(1);AH(1);AK(1);AJ(1);BF(1);BB(1);	Day15,1:13	Day15,1:27
i363	14	Day14,16:25	R4	16	30	AK(4);AT(1);AI(1);AW(5);AS(2);AU(2);AF(2);AE(1);AH(4);AX(1);AV(2);BB(1);AD(1);AN(1);AM(1);AP(1);	Day15,1:37	Day15,1:51
i374	15	Day15,1:30	R8	27	90	AK(6);AN(4);BB(2);AP(4);AV(5);AW(4);AO(1);AH(7);AU(2);AL(3);BF(7);AI(1);AB(4);AX(5);BA(1);AY(3);AF(9);BG(4);AR(3);AC(2);AE(2);BC(2);AA(2);AD(2);AS(2);AQ(1);AM(2);	Day15,2:15	Day15,2:56
i375	15	Day15,2:19	R1	30	70	AN(4);AH(8);AW(7);AB(6);AT(1);BB(2);AX(4);AL(1);AF(6);AD(1);AP(3);BE(2);AO(1);AV(3);AY(1);AJ(3);AA(2);AG(1);AK(2);AZ(1);BD(1);AR(1);AS(1);BF(1);BC(2);AQ(1);AU(1);BG(1);AE(1);BA(1);	Day15,3:6	Day15,3:38
i376	15	Day15,2:27	R9	22	70	AD(4);AR(7);BG(2);AW(6);AV(5);AP(7);BF(3);AK(2);AN(2);AH(3);BE(3);AF(4);AY(4);BC(3);AC(3);AT(1);AZ(1);BB(3);AB(2);AX(2);AG(1);AE(2);	Day15,3:48	Day15,4:20
i378	15	Day15,3:29	R1	28	90	AX(2);AV(8);AF(8);AP(8);AB(2);AZ(2);AC(4);AM(4);AH(6);AR(3);AE(3);AN(4);AD(5);BG(3);AY(3);BD(2);AT(3);AW(7);BB(1);BF(2);AG(1);AK(2);AU(1);AJ(1);AO(1);AQ(2);AA(1);BE(1);	Day15,4:30	Day15,5:11
i379	15	Day15,3:55	R2	26	70	AH(7);BC(1);AW(8);AV(4);AF(2);BG(4);AE(8);AU(2);AK(3);BE(1);BB(4);AR(1);AQ(2);AX(4);AN(4);AJ(3);AD(1);AM(2);AP(2);AB(1);BA(1);AG(1);BD(1);AC(1);AY(1);AL(1);	Day15,5:21	Day15,5:53
i380	15	Day15,4:42	R3	31	120	AP(9);BF(4);AH(9);AK(8);AJ(5);AN(5);AX(8);AF(3);AB(2);AR(3);AY(5);BA(1);AD(4);BB(6);AS(3);AW(11);BE(3);BD(2);AQ(2);BG(5);AU(3);AT(2);AO(1);AE(3);AM(3);AI(2);BC(2);AV(3);AZ(1);AA(1);AL(1);	Day15,6:3	Day15,6:57
i381	15	Day15,4:47	R4	25	50	AX(2);BB(1);AD(4);BG(2);AH(8);AU(2);AN(2);AZ(1);AT(1);AB(2);AK(2);AW(3);AP(1);AV(5);AR(3);AE(1);AL(1);AF(2);AA(1);AM(1);AS(1);AJ(1);AC(1);AY(1);BD(1);	Day15,7:7	Day15,7:30
i377	15	Day15,3:18	R10	20	50	AX(5);AP(3);AW(7);AR(4);AV(3);AJ(1);BF(2);AF(1);BB(2);AS(2);AL(2);AK(7);AQ(1);AH(3);AU(2);AN(1);AC(1);AG(1);AE(1);AI(1);	Day15,7:40	Day15,8:3
i383	15	Day15,10:38	R6	27	80	AD(8);AF(4);AP(6);AH(8);BD(2);BG(4);AW(5);AK(5);AX(6);AM(2);AI(2);AN(3);AY(2);AQ(1);AA(2);AJ(4);BB(1);AV(3);AB(2);AC(1);AS(1);AL(1);BE(2);AG(1);AR(2);AU(1);BF(1);	Day15,11:23	Day15,11:59
i382	15	Day15,9:18	R5	21	40	AK(5);BG(3);AP(2);AW(2);BB(2);AU(1);AH(4);AV(1);AF(1);AY(3);BE(1);AD(2);AC(2);AX(1);AA(1);AJ(1);AN(2);AM(1);BC(2);AS(1);AR(2);	Day15,12:9	Day15,12:27
i388	15	Day15,15:12	R6	25	100	BB(3);AH(11);AA(2);AZ(1);AP(6);BG(3);AF(6);BF(3);AD(5);AV(3);AG(1);AJ(6);AY(4);AE(2);AR(2);AW(9);AK(8);AB(5);AX(4);AN(4);AL(2);AS(3);AC(1);BC(4);AU(2);	Day15,15:57	Day15,16:43
i386	15	Day15,12:53	R3	27	80	AB(3);AC(2);AU(3);AY(3);AK(6);AV(9);AQ(1);AW(6);AA(2);AP(5);AR(2);AX(5);AE(1);AN(3);BB(5);AS(1);AZ(2);AM(1);AG(2);AH(6);AF(3);BF(2);AD(2);BE(2);AJ(1);AO(1);AT(1);	Day15,16:53	Day15,17:29
i391	15	Day15,16:19	R5	31	110	AX(5);AF(4);BD(1);AB(6);AT(3);AH(11);AP(4);BG(6);AW(10);AA(3);AZ(3);AV(9);AK(3);BE(2);BA(1);AI(1);AN(5);AJ(4);BF(1);AE(4);AR(3);AY(3);AQ(1);AG(1);BC(3);AL(2);AU(4);AC(3);AD(2);BB(1);AS(1);	Day15,17:39	Day15,18:29
i395	15	Day15,17:5	R6	30	130	AF(5);AB(8);AH(11);BA(2);AD(4);AJ(4);AN(8);AY(6);AW(7);BF(3);AP(10);AR(5);AG(3);AK(6);AM(3);BG(4);AV(8);AX(3);AT(1);AC(6);BC(7);AU(1);AA(3);BE(3);BB(2);AE(3);AL(1);AO(1);BD(1);AI(1);	Day15,18:39	Day15,19:38
i403	15	Day15,18:46	R5	29	100	AT(3);AD(4);AV(6);AQ(3);AE(2);AH(5);AX(6);BC(3);AB(1);AM(5);BB(3);AR(2);AP(10);AK(4);AJ(5);AW(4);BG(2);BA(3);AF(4);AU(2);AY(7);AL(1);AN(2);BF(3);AA(4);AO(1);BE(2);BD(2);AC(1);	Day15,19:48	Day15,20:34
i404	15	Day15,18:52	R6	31	100	AW(9);BG(2);AH(11);AF(3);AM(2);AD(4);BB(2);AA(2);AY(3);AV(8);AZ(1);BE(2);AE(2);AP(3);AS(3);AK(7);AJ(2);AI(2);AB(5);AU(3);AQ(4);BF(1);AC(3);AL(1);AN(2);AG(2);AX(5);BC(2);AR(1);AT(2);BA(1);	Day15,20:44	Day15,21:29
i392	15	Day15,16:37	R8	27	100	AJ(5);AY(7);AC(5);AS(3);AH(11);AN(4);AF(6);BG(1);AW(4);AD(2);BF(3);BB(6);AT(2);AX(10);BE(2);AR(6);AE(2);AP(4);AM(3);AO(1);AV(2);AL(1);AA(3);AK(2);AU(3);AZ(1);BA(1);	Day15,21:39	Day15,22:25
i393	15	Day15,16:53	R9	31	100	AD(5);AN(4);AE(4);AU(1);AJ(6);BD(2);BB(4);AP(5);AR(3);AW(9);AY(5);AF(3);AC(4);AL(1);AK(3);AH(10);BE(3);BG(4);BF(3);AB(2);AS(3);AX(4);AT(1);AA(1);AI(1);AV(1);BC(2);AG(2);AM(1);BA(1);AQ(2);	Day15,22:35	Day15,23:20
i397	15	Day15,17:17	R10	29	90	AJ(6);AX(5);AK(5);AP(7);AW(4);AV(6);AQ(3);AF(5);AY(4);AI(1);AZ(1);BC(3);AH(5);AB(3);AA(2);BG(1);AC(2);BB(5);AN(4);BF(2);AR(3);AU(2);AS(1);AG(3);BE(2);AE(2);AO(1);BA(1);AD(1);	Day15,23:30	Day16,0:11
i400	15	Day15,17:43	R3	26	80	AE(1);AH(9);BB(3);AP(5);AY(5);BA(1);AO(1);AC(3);AW(9);BE(4);AK(5);AF(7);BG(4);AV(4);AT(2);AQ(1);AN(2);AJ(2);AR(3);BF(2);BD(1);AX(1);AD(2);AM(1);BC(1);AB(1);	Day16,0:21	Day16,0:57
i401	15	Day15,19:48	R5	28	80	BB(1);AL(3);AN(3);AF(5);AA(5);BG(2);AR(6);BF(3);AK(3);BE(2);AJ(5);AC(3);AP(3);AW(6);AY(3);AZ(2);AV(4);AE(1);AH(4);AD(3);AX(4);AM(2);AS(1);AU(2);AI(1);AB(1);AT(1);BC(1);	Day16,1:7	Day16,1:44
i406	15	Day15,20:44	R6	28	80	AE(2);AL(1);AB(5);BE(4);AQ(1);AX(1);AW(4);AA(3);AH(7);AK(4);AN(6);AC(3);AU(2);AG(1);AF(2);BA(1);BF(4);AJ(2);AP(5);AR(4);BB(3);AY(3);AS(2);AI(1);AD(2);AV(3);BC(1);BG(3);	Day16,1:54	Day16,2:30
i385	15	Day15,12:31	R2	26	70	BB(4);AC(1);AX(3);AL(1);AH(5);AD(4);AY(5);AR(4);AQ(1);AW(7);BG(2);AF(3);AG(4);AJ(3);AK(5);AO(2);AP(4);AE(2);BF(2);AN(1);BD(1);AT(2);BE(1);AA(1);AV(1);BC(1);	Day16,2:40	Day16,3:12
i411	16	Day16,1:7	R5	27	70	AP(3);AR(4);AW(7);AV(5);AF(6);AQ(1);AA(1);BG(2);AO(1);AN(4);AK(3);BB(3);AG(1);AS(2);AE(4);AM(3);AT(2);BD(1);AB(2);AY(2);AD(2);AX(3);BE(3);AH(2);AU(1);AJ(1);BF(1);	Day16,3:22	Day16,3:54
i396	15	Day15,21:39	R8	24	70	AD(2);AK(2);AV(5);AF(2);AJ(2);AR(6);AX(2);BF(6);AQ(1);BG(1);BE(2);AY(6);AH(12);BC(2);BD(3);AE(1);AW(6);AP(2);BB(1);AU(1);AT(1);AM(2);AI(1);AB(1);	Day16,4:4	Day16,4:36
i413	16	Day16,3:47	R5	23	70	AI(3);AV(3);AK(4);AB(4);AH(7);AS(1);BC(3);AX(3);AJ(5);AN(1);AW(4);AE(2);AF(5);AD(4);AR(3);BE(2);AA(3);AP(4);BF(1);AC(2);AY(3);AT(2);AU(1);	Day16,4:46	Day16,5:17
i408	15	Day15,22:35	R9	24	70	AU(1);AB(2);AN(6);AH(8);AK(2);AR(3);AY(5);AF(5);AC(2);AD(4);AW(4);AJ(5);AA(3);AT(2);BG(5);AP(3);AX(3);AQ(1);AG(1);BA(1);BE(1);AV(1);BB(1);AL(1);	Day16,5:27	Day16,5:59
i417	16	Day16,5:7	R5	28	100	AZ(2);AC(1);AI(1);AW(9);AD(5);AV(6);AY(7);AQ(1);AB(3);AJ(3);BG(6);BB(5);AP(3);BE(3);AE(3);AH(8);AF(8);AS(3);AN(6);AA(2);AK(5);AR(2);AU(1);AM(1);AO(1);AL(1);AX(2);BF(2);	Day16,6:9	Day16,6:55
i418	16	Day16,5:27	R9	26	80	AV(5);AA(2);AJ(3);AH(8);AC(6);AU(3);BB(5);BF(2);AW(5);AX(3);AF(6);BG(2);AB(3);BC(1);AS(2);AY(3);AL(1);AR(4);AN(5);AE(2);AT(1);AM(1);AO(1);AP(3);AK(2);AG(1);	Day16,7:5	Day16,7:41
i412	16	Day16,2:53	R2	25	60	AG(1);AY(2);AK(3);AB(3);AF(4);AX(3);AW(4);AV(4);BF(1);AD(2);AE(2);AZ(2);AP(6);AH(5);BG(2);BC(2);AA(2);AU(1);AQ(1);AJ(1);AT(2);AM(1);BB(3);AR(2);BE(1);	Day16,7:51	Day16,8:18
i398	15	Day16,0:21	R3	25	60	AF(2);AW(7);BF(4);AV(2);AN(2);AO(1);AB(2);AP(4);AD(6);AT(1);BE(2);BG(3);AX(2);AR(5);AL(1);AS(3);AU(2);AE(2);AM(3);AJ(1);AH(1);AQ(1);BB(1);AK(1);AC(1);	Day16,8:28	Day16,8:56
i390	15	Day15,23:30	R10	24	60	AH(6);AR(2);BE(1);AE(2);AK(4);AW(4);AS(1);AN(5);AB(2);AT(1);AV(4);AA(2);AJ(4);AP(2);AX(2);BG(3);AC(2);AU(3);AO(1);AY(3);AZ(3);AL(1);AQ(1);BB(1);	Day16,9:6	Day16,9:33
i409	15	Day16,6:9	R5	25	50	BC(1);AH(2);BF(4);AB(1);AW(5);BE(3);AG(4);BB(1);AN(2);AP(2);AZ(1);AJ(2);AR(4);AK(1);AQ(3);AX(2);AD(1);BG(1);AV(3);AY(1);AE(2);AM(1);AF(1);AL(1);AC(1);	Day16,9:43	Day16,10:6
i420	16	Day16,9:6	R10	31	80	AW(6);AT(3);AF(3);AU(2);AV(5);AX(3);AY(3);BC(1);BA(2);AR(4);AJ(2);AK(3);BB(2);AD(5);AP(3);AH(7);AG(2);AC(3);AM(1);BG(2);AS(2);AZ(1);BF(1);BD(2);BE(3);AL(1);AE(2);AO(1);AA(2);AQ(1);AN(2);	Day16,10:16	Day16,10:52
i399	15	Day16,1:54	R6	24	50	AI(1);AE(2);BC(2);AH(7);AQ(2);AW(4);AA(2);AK(3);BG(2);AP(4);AD(1);AR(3);AV(3);BF(1);AF(3);AX(1);BA(2);AM(1);BD(1);BE(1);AT(1);AB(1);AJ(1);AC(1);	Day16,11:2	Day16,11:25
i402	15	Day16,4:4	R8	22	50	AD(4);AY(1);AF(4);AP(2);AW(7);AO(1);AE(2);BB(1);AX(1);BF(6);AU(1);AV(2);BG(1);AS(2);AN(3);AJ(3);BE(1);AH(3);AC(2);AT(1);AM(1);AA(1);	Day16,11:35	Day16,11:57
i415	16	Day16,7:51	R2	25	40	BF(3);AT(2);AY(1);AE(1);BC(1);AD(1);AH(3);AZ(1);AJ(2);AV(3);AU(2);AF(3);AK(2);BB(2);AP(2);AX(1);AM(1);AG(1);AS(1);AR(1);AW(2);BE(1);BG(1);AC(1);AN(1);	Day16,12:7	Day16,12:26
i422	16	Day16,11:35	R8	25	60	BE(4);AK(5);AX(2);AH(13);AP(6);AF(1);AJ(2);AR(3);BB(2);AE(1);AN(1);AW(1);AU(2);AI(1);BF(1);AZ(1);AS(1);BG(3);AT(1);BD(1);AD(2);AC(3);AQ(1);AY(1);AB(1);	Day16,12:36	Day16,13:3
i416	16	Day16,8:28	R3	20	40	BE(1);AV(3);AD(3);AM(2);AW(3);AN(3);AB(2);AE(2);AF(3);BD(1);AC(2);AX(2);AP(1);AJ(3);BF(1);BG(2);AK(2);AG(2);AU(1);AS(1);	Day16,13:13	Day16,13:31
i423	16	Day16,12:49	R8	29	80	AF(3);AV(4);AD(5);BG(3);BA(2);AP(4);AW(7);AK(5);AM(3);AH(3);BD(1);BE(3);AG(1);AJ(7);AY(1);AX(5);AN(2);AT(2);BB(2);AQ(2);AA(3);AU(1);AR(3);BC(1);AL(1);AI(1);AE(2);BF(2);AC(1);	Day16,13:41	Day16,14:17
i424	16	Day16,13:13	R3	26	70	BG(2);AN(2);BB(1);BF(5);AE(3);AS(1);AW(4);AJ(6);AF(2);AQ(3);AD(2);AH(8);AP(1);AM(2);AR(3);AU(4);BD(1);AV(5);BA(2);AK(2);AB(3);BC(2);AC(2);AY(1);AA(1);AX(2);	Day16,14:27	Day16,14:59
i425	16	Day16,13:58	R8	29	90	AP(5);AB(4);AZ(2);AN(3);AO(1);AG(2);AF(5);AA(2);BE(2);AX(2);AK(8);AE(3);AJ(5);AH(9);BA(1);AV(1);AW(5);AM(5);AR(4);AD(3);AC(2);AS(2);AY(3);BG(2);BF(2);AU(1);BC(2);AL(3);AQ(1);	Day16,15:9	Day16,15:50
i387	15	Day15,14:43	R4	19	40	AD(2);BF(2);AU(2);AY(2);AJ(3);AV(4);AE(2);AF(5);AT(2);AP(1);AB(1);AX(4);AR(1);AW(1);AN(2);AK(1);AH(3);BD(1);BG(1);	Day16,16:0	Day16,16:18
i421	16	Day16,11:7	R6	22	40	AH(3);AD(3);BE(2);AJ(2);AA(1);AU(3);BG(3);AP(2);AR(2);AW(3);AV(1);AY(3);BA(1);BF(2);AX(1);AT(1);BB(1);AQ(1);AK(1);AC(2);AE(1);AN(1);	Day16,16:28	Day16,16:47
i414	16	Day16,7:5	R9	19	40	AH(2);BA(1);AD(3);BG(3);AX(2);BE(2);AP(2);AW(3);AQ(1);AT(2);AJ(1);AR(4);AV(2);AK(3);BF(3);AA(1);AE(1);BB(2);AN(2);	Day16,16:57	Day16,17:15
i427	16	Day16,16:14	R4	27	70	AH(6);AJ(3);AW(3);AD(2);AZ(1);AX(4);AT(2);AQ(2);BG(3);AE(6);BA(1);AR(3);AP(2);AF(4);AV(4);AN(3);BE(4);AS(1);AK(5);AM(1);AB(2);AG(1);AC(1);BC(2);AY(2);AI(1);AA(1);	Day16,17:25	Day16,17:57
i384	15	Day15,11:58	R1	19	30	AO(1);AX(1);BE(2);AH(3);AW(3);AT(1);AJ(2);AN(1);AU(1);AZ(2);AS(2);BG(1);AF(2);AP(1);AD(1);AR(3);BC(1);AB(1);AK(1);	Day16,18:7	Day16,18:20
i407	15	Day16,12:7	R2	17	30	AE(3);AH(3);AF(3);AK(3);BG(1);AJ(5);AS(1);AR(2);BB(1);AD(1);AP(1);AX(1);AB(1);AW(1);AM(1);BA(1);AC(1);	Day16,18:30	Day16,18:44
i428	16	Day16,18:1	R9	22	40	AC(1);AX(5);AF(2);AA(2);AD(2);AJ(2);AH(4);AW(1);AP(3);AZ(1);AU(2);AR(2);AT(1);AV(2);AE(2);AG(1);AY(2);BA(1);BG(1);AB(1);BB(1);BE(1);	Day16,18:54	Day16,19:12
i429	16	Day16,18:16	R1	30	80	AV(4);AY(6);AX(8);AH(8);AJ(6);AB(2);AA(2);AC(2);AS(4);AG(1);AR(3);AF(2);AE(3);AL(1);AK(5);AT(1);AP(4);BD(1);AU(3);AD(1);BF(1);AM(1);AW(2);AO(1);BG(3);BE(1);AN(1);AI(1);AZ(1);BB(1);	Day16,19:22	Day16,19:58
i431	16	Day16,19:7	R2	31	140	AY(11);AK(4);AW(14);AC(7);AD(6);AU(3);AH(15);AE(6);AS(3);AX(6);BG(3);BC(3);AJ(5);BF(4);AV(8);BB(4);AF(4);AB(4);AO(2);BE(5);AM(2);AP(4);AT(2);AQ(2);AG(1);AL(2);BA(3);AA(2);AR(1);AN(3);BD(1);	Day16,20:8	Day16,21:12
i432	16	Day16,19:57	R9	26	70	BB(3);AI(2);AY(5);AF(7);AA(2);AL(2);BC(2);AH(6);AP(7);AX(4);AB(3);AZ(1);AJ(2);AW(3);AK(2);AN(2);AV(1);AD(3);BF(2);AR(3);AM(1);BE(3);BD(1);AG(1);AQ(1);AU(1);	Day16,21:22	Day16,21:54
i434	16	Day16,20:5	R1	24	50	AC(1);AX(3);AY(2);AH(5);AN(1);BB(3);AQ(2);AW(2);AB(6);AZ(1);AR(4);AK(1);BG(4);AV(1);AP(2);AG(2);AF(2);AU(1);AT(2);AD(1);BD(1);AE(1);AS(1);AA(1);	Day16,22:4	Day16,22:27
i435	16	Day16,21:36	R9	25	60	AK(2);AW(7);AQ(2);AE(2);AD(4);AV(5);AN(4);AX(5);AB(4);AF(1);AJ(1);AR(4);AH(3);AG(1);AO(1);AP(3);AC(2);AA(1);AY(2);AS(1);AI(1);BB(1);BF(1);AU(1);BD(1);	Day16,22:37	Day16,23:4
i433	16	Day16,20:8	R2	25	40	AK(2);AH(3);AN(2);AV(3);AB(3);AX(1);AJ(1);AU(2);AW(3);AO(2);BG(3);AE(1);AR(1);AT(1);BA(1);AC(1);AP(1);AF(2);AY(1);AS(1);AZ(1);BE(1);BD(1);AQ(1);AD(1);	Day16,23:14	Day16,23:32
i436	16	Day16,22:39	R1	26	60	AC(2);AH(4);AK(4);BA(1);BG(1);AL(1);AO(2);AP(7);AS(1);AJ(3);AD(3);AN(3);AY(2);AA(2);BE(3);AB(5);AF(2);BC(1);AW(2);AR(1);AG(2);AV(3);BF(1);BD(2);AX(1);AT(1);	Day16,23:42	Day17,0:9
i437	16	Day16,23:15	R9	21	60	AQ(2);BB(4);AJ(4);AX(6);AY(2);AV(3);AW(7);AR(3);AD(6);AB(1);AP(2);AS(1);BG(4);AA(4);AK(2);AU(1);AH(4);AG(1);BF(1);AL(1);BE(1);	Day17,0:19	Day17,0:47
i430	16	Day16,18:57	R4	20	40	AD(2);BG(3);AN(2);AH(7);AY(1);AE(2);BA(1);AQ(1);AC(1);BE(2);AM(2);AX(4);AB(1);AL(1);AK(3);AV(3);BF(1);AR(1);AU(1);BC(1);	Day17,0:57	Day17,1:15
i438	17	Day17,0:33	R2	27	70	AJ(3);AK(5);AB(5);BF(6);BE(1);BG(4);AZ(1);AP(2);AV(4);AH(7);AR(2);AC(3);AY(2);AW(2);AM(2);AD(2);AF(2);BC(2);AN(2);AT(1);AL(3);AU(2);AX(2);AG(1);AA(1);BD(2);BB(1);	Day17,1:25	Day17,1:57
i410	16	Day16,14:27	R3	19	30	AS(3);AH(1);AT(1);AF(5);AJ(2);BE(1);BG(3);AD(1);AY(3);BF(1);BB(1);AA(1);AQ(1);BD(1);AM(1);AZ(1);AL(1);AV(1);AE(1);	Day17,2:7	Day17,2:20
i394	15	Day16,9:43	R5	19	30	AB(2);AY(2);AU(1);BG(1);AR(1);AW(1);BB(2);AF(2);AN(2);AV(4);AH(2);AJ(1);BA(1);AK(1);AS(2);AQ(2);AE(1);AT(1);BE(1);	Day17,2:30	Day17,2:44
i426	16	Day16,16:28	R6	14	30	BE(3);AN(2);AV(2);AW(5);AH(3);AJ(4);AY(1);AP(2);AD(2);AU(1);AR(1);AQ(1);AF(1);AK(2);	Day17,2:54	Day17,3:7
i389	15	Day15,15:44	R7	15	30	AH(4);AC(2);AP(2);BB(4);AZ(2);AX(2);BF(2);BD(1);AU(2);AE(1);AW(2);AI(1);AJ(3);BE(1);AN(1);	Day17,3:17	Day17,3:31
i419	16	Day16,15:9	R8	22	30	AB(1);AS(1);AY(2);AV(2);AJ(2);AA(1);BA(1);AZ(1);AH(2);AE(2);BF(1);AW(3);AC(1);AM(1);AN(1);BD(1);BG(1);AK(2);AU(1);AR(1);BE(1);AQ(1);	Day17,3:41	Day17,3:55
i405	15	Day16,10:16	R10	20	30	AW(2);AH(5);AV(2);AI(1);AM(1);AK(1);AN(2);BG(2);AU(1);AZ(1);BF(1);AX(1);AL(1);AQ(1);AP(1);AY(2);AE(2);AO(1);AJ(1);BE(1);	Day17,4:5	Day17,4:18
i443	17	Day17,8:17	R9	30	120	BB(2);AV(6);AA(4);AH(10);AP(9);AK(5);AB(3);BF(5);AR(5);AW(8);AN(6);AE(3);AJ(7);AL(2);BG(6);AD(6);AZ(1);AX(4);AT(4);AM(1);AC(3);AU(4);AF(3);BA(2);BC(2);AY(3);AQ(2);AG(1);BE(2);AO(1);	Day17,9:2	Day17,9:56
i441	17	Day17,8:7	R2	27	100	AW(12);AK(8);AH(12);AY(5);BE(4);AF(3);AD(5);AR(2);BB(4);BG(2);AX(2);AP(5);AT(2);AN(2);AA(3);AU(2);AE(2);BC(1);AC(6);AV(3);AB(6);AQ(3);AM(1);AL(1);AI(2);AG(1);BF(1);	Day17,10:6	Day17,10:52
i440	17	Day17,7:12	R4	29	100	AQ(2);AK(3);AP(8);AX(13);BF(5);AH(10);AN(5);AE(3);AY(5);AJ(3);AG(1);AU(1);AV(2);AW(6);AZ(1);AD(4);AR(3);AF(7);BC(2);AS(2);AT(4);BE(1);BB(1);AA(2);AC(1);BG(2);AB(1);BD(1);AL(1);	Day17,11:2	Day17,11:47
i439	17	Day17,5:58	R1	26	80	AW(13);AJ(3);AM(4);AX(1);AT(3);AN(5);AY(7);AK(6);BD(1);AV(2);AH(9);BG(3);AD(2);BE(2);AE(2);AS(3);AP(1);AR(2);AC(1);AL(1);AO(3);BB(1);AZ(1);AF(2);AG(1);AB(1);	Day17,11:57	Day17,12:34
i442	17	Day17,8:10	R3	27	80	AW(7);BG(3);AK(3);AV(2);AJ(5);BF(2);AH(10);AP(4);AM(1);AR(4);AX(2);AQ(2);AA(4);AB(4);BB(3);AL(2);AF(2);AN(5);AZ(2);AU(2);AD(1);AC(2);BE(3);BA(1);AT(1);AS(2);AY(1);	Day17,12:44	Day17,13:20
i444	17	Day17,8:28	R5	25	50	AH(4);AN(2);AV(1);AW(5);AF(3);AK(4);AX(1);BF(2);AC(2);AP(4);AE(2);AJ(2);BG(2);AA(2);AZ(1);AD(2);AT(2);AB(1);BC(1);AI(1);AQ(2);AR(1);BD(1);AL(1);AS(1);	Day17,13:30	Day17,13:53
i446	17	Day17,14:24	R2	26	110	BF(2);AX(6);AQ(4);AJ(8);AY(7);BG(5);AB(4);AW(13);AL(1);AK(4);AH(9);AM(3);AD(5);BB(3);BE(6);BD(1);AU(3);AP(8);AA(3);AF(3);AR(4);AN(3);AT(1);AC(2);BC(1);AI(1);	Day17,15:9	Day17,15:59
i447	17	Day17,14:34	R7	28	100	AY(2);BA(1);BF(4);AW(9);AL(3);BB(2);AO(3);AJ(3);AI(1);AR(3);AH(8);AM(6);BG(3);AS(2);AG(2);AU(4);AX(6);BC(2);AQ(1);AP(8);AC(6);AK(5);AB(4);AD(3);AN(3);AV(4);BE(1);AE(1);	Day17,16:9	Day17,16:55
i448	17	Day17,15:2	R8	28	80	AX(5);BF(2);AH(13);AQ(2);AW(9);AV(4);AN(3);AG(1);AD(3);AT(1);AB(3);AM(2);AS(2);BG(3);AL(2);AE(1);AP(4);AJ(2);AY(2);BC(3);BE(2);AA(1);AF(3);AC(2);BB(1);AR(2);AK(1);AZ(1);	Day17,17:5	Day17,17:41
i445	17	Day17,14:7	R6	21	60	AK(7);AD(3);AQ(2);AW(6);AH(8);AC(2);AY(4);AF(2);AV(4);BF(1);AN(5);AT(2);AE(1);BC(2);AZ(1);BB(1);AX(3);AA(2);AJ(2);BD(1);BG(1);	Day17,17:51	Day17,18:18
i450	17	Day17,15:36	R1	26	50	AJ(5);AR(1);AF(1);AT(3);AK(3);AC(1);BC(2);AI(1);AN(2);AA(2);AL(1);AM(2);AB(2);BB(2);AQ(1);AP(3);BD(1);AG(2);AD(2);BG(1);AW(1);AH(5);AY(3);BE(1);BF(1);AZ(1);	Day17,18:28	Day17,18:51
i451	17	Day17,16:53	R2	20	40	AF(5);AV(1);AY(2);AW(2);AH(2);BF(2);AE(2);BB(2);AK(2);AN(2);AB(1);AX(3);BE(2);AR(3);AP(2);AA(1);AT(2);AU(2);AM(1);BA(1);	Day17,19:1	Day17,19:19
i453	17	Day17,18:24	R5	26	60	AP(5);AB(5);AT(1);AH(6);AZ(1);AN(4);AQ(1);BG(2);AF(1);AK(4);BD(2);BC(3);AD(3);AV(2);BB(2);AJ(4);AE(1);BE(1);AS(2);AY(3);AU(1);BF(1);AW(1);AX(2);AM(1);AC(1);	Day17,19:29	Day17,19:57
i454	17	Day17,18:50	R1	30	110	AJ(4);BG(4);AS(4);AH(10);AX(9);AW(7);BD(1);AA(4);AR(2);AP(6);AT(1);BB(2);AV(4);AN(7);AC(3);AF(3);BE(2);AZ(3);AQ(3);AG(2);BC(3);AE(4);AY(5);AU(2);BA(2);BF(3);AM(1);AI(2);AB(4);AD(3);	Day17,20:7	Day17,20:57
i456	17	Day17,19:46	R7	25	70	AP(3);AU(2);AA(3);AK(5);AR(4);BF(5);AN(5);AY(4);AW(5);AG(1);AF(4);AH(8);AV(2);BB(2);AJ(4);AX(1);AZ(1);AD(2);AM(1);AB(2);BE(1);AE(1);AC(2);BG(1);AL(1);	Day17,21:7	Day17,21:38
i457	17	Day17,20:58	R8	25	70	AD(2);AP(5);AF(6);AH(4);AX(4);AN(4);AM(1);AV(4);AS(3);AJ(7);AY(3);BB(2);AE(1);AQ(2);BG(6);AW(2);AR(2);BF(2);AC(2);AL(1);AB(2);AT(1);AK(2);BE(1);BC(1);	Day17,21:48	Day17,22:20
i458	17	Day17,21:31	R9	22	70	AX(2);BB(2);AJ(4);AP(4);AH(15);BE(2);AF(5);AW(8);AB(3);BG(1);AV(4);AK(2);AD(5);AY(1);AS(3);AC(1);AR(2);AU(2);AN(1);AE(1);AQ(1);AM(1);	Day17,22:30	Day17,23:2
i459	17	Day17,22:21	R10	27	60	AP(4);AS(2);AG(1);AK(5);BC(1);AH(6);BF(1);AX(4);AF(2);AY(1);BG(2);AQ(3);AT(1);AB(3);AU(1);AV(3);AW(3);AZ(2);AD(1);AR(4);AJ(1);BB(2);AA(3);AN(1);BE(1);AM(1);BD(1);	Day17,23:12	Day17,23:39
i449	17	Day17,15:9	R3	21	40	AF(3);AP(3);AY(2);AH(4);BF(1);AW(2);AC(2);AT(2);AR(1);BG(2);AQ(1);BB(1);AS(2);AA(1);AI(1);AK(4);AD(3);AE(1);AJ(2);AX(1);AV(1);	Day17,23:49	Day18,0:8
i452	17	Day17,18:7	R4	17	30	BB(1);AW(2);AH(2);AI(2);AF(2);AV(1);BE(1);BG(1);AP(3);AS(1);AX(1);AJ(6);AR(2);AB(1);AK(2);AZ(1);BF(1);	Day18,0:18	Day18,0:31
i460	17	Day17,23:37	R2	29	140	AP(8);AW(19);AB(3);AR(8);BF(2);AK(7);AF(6);BE(6);AQ(5);AL(1);AJ(8);AX(6);BC(5);AU(3);AD(6);AM(6);AV(5);AG(2);AI(1);AO(2);AC(4);AS(3);AA(5);AH(6);BB(2);BG(8);AE(1);AN(1);AY(1);	Day18,0:41	Day18,1:45
i461	17	Day17,23:55	R1	28	70	AH(7);AW(5);AE(1);AJ(2);AU(1);AV(4);AG(2);AX(4);AK(2);AF(6);BF(2);BB(2);BD(3);BC(2);AD(4);AR(3);AA(1);AC(2);AZ(2);AY(3);BA(1);BE(3);BG(1);AP(1);AN(3);AQ(1);AI(1);AB(1);	Day18,1:55	Day18,2:27
i455	17	Day17,19:9	R6	16	30	AN(3);AX(1);AP(4);AL(1);AY(1);BC(1);AC(2);AQ(3);AR(1);AU(2);AW(5);AZ(1);AD(2);BF(1);AM(1);AE(1);	Day18,2:37	Day18,2:50
i462	18	Day18,2:1	R5	31	120	AY(2);AP(5);AN(3);AH(11);AK(6);AO(5);AB(8);AD(5);AW(11);AI(1);AX(7);AF(4);BD(1);BC(5);BE(2);AJ(4);BF(4);BB(1);AV(8);AL(1);AE(4);AM(1);AR(4);AQ(2);AA(4);AG(1);AS(1);AC(2);BG(3);AT(2);AU(2);	Day18,3:0	Day18,3:55
i465	18	Day18,3:8	R9	25	60	AX(4);AF(2);AC(3);AB(1);AN(2);AM(1);BB(1);AP(2);AU(2);BF(1);AA(4);AV(6);AH(4);AK(2);AW(4);AR(4);BC(2);AQ(1);AY(3);AD(4);AJ(1);AG(1);AE(2);AS(2);AI(1);	Day18,4:5	Day18,4:32
i466	18	Day18,3:45	R3	27	100	AX(3);AR(9);AP(9);AN(3);BE(3);AL(1);BD(2);BF(6);BB(4);AU(3);AB(6);BG(4);AC(3);AF(7);AH(7);AQ(1);AV(6);AA(2);AI(2);AD(1);AM(2);AK(6);AJ(3);AY(3);BA(1);AW(2);AS(1);	Day18,4:42	Day18,5:28
i468	18	Day18,4:34	R1	28	100	AH(9);AN(8);AX(6);AY(7);BE(5);AP(3);AS(1);BD(1);AJ(3);AD(3);BG(5);BB(6);AE(3);BF(1);AO(3);AW(8);AK(7);AG(1);AV(5);AC(1);AI(1);AF(3);AM(1);AR(4);AQ(1);AZ(1);AB(1);AT(2);	Day18,5:38	Day18,6:23
i467	18	Day18,4:9	R2	22	60	AC(1);AJ(7);AN(4);AH(6);AV(8);AP(5);BG(3);AS(1);AB(4);BC(1);AK(5);AD(1);AY(3);AW(3);AE(1);BB(1);AX(1);AA(1);BF(1);AZ(1);AM(1);AG(1);	Day18,6:33	Day18,7:0
i469	18	Day18,5:47	R4	20	40	AR(5);AH(3);AK(3);AT(1);AM(1);AC(3);AV(2);AN(3);BG(2);AE(3);AY(3);AJ(1);AQ(1);BD(1);AP(2);BB(2);AD(1);BF(1);AB(1);AG(1);	Day18,7:10	Day18,7:28
i463	18	Day18,2:39	R7	20	30	AF(1);AP(2);AV(1);AZ(1);BF(1);AJ(3);AS(2);AC(2);AH(4);BE(1);AQ(2);AY(2);AT(1);AN(1);AW(1);AR(1);AE(1);BA(1);AD(1);BG(1);	Day18,7:38	Day18,7:52
i464	18	Day18,2:50	R8	20	30	AH(2);BC(1);AR(4);AZ(2);AJ(2);BG(1);AT(1);AD(1);AE(1);AO(1);AX(1);AU(1);AY(2);AV(3);BA(1);AM(1);BF(1);AS(1);AN(2);BE(1);	Day18,8:2	Day18,8:16
i471	18	Day18,9:24	R1	29	130	BF(2);AH(15);AK(7);AN(6);AE(4);AB(6);AV(6);AP(10);AW(9);AX(1);BD(2);AY(5);AR(3);AD(2);BC(1);AT(4);AU(6);AJ(4);AC(5);BG(6);AS(3);AQ(3);AF(8);AA(3);BB(1);BE(5);BA(1);AM(1);AI(1);	Day18,10:9	Day18,11:8
i472	18	Day18,9:44	R2	21	60	AG(1);AR(1);AH(6);AE(2);BF(2);BG(3);AN(5);AD(4);AP(6);AX(4);AT(5);AJ(6);AC(2);AW(3);AY(2);BB(1);AI(1);BC(1);BD(3);AK(1);AU(1);	Day18,11:18	Day18,11:45
i473	18	Day18,10:22	R3	24	60	BC(2);BF(3);AP(4);BG(4);AY(7);AH(3);AF(2);AB(6);AN(2);BB(2);AW(4);AK(1);AC(1);AR(1);AX(5);AO(1);BE(1);AV(3);AD(1);AQ(3);BD(1);AJ(1);AG(1);AE(1);	Day18,11:55	Day18,12:22
i476	18	Day18,11:46	R7	27	60	AH(5);AQ(2);AY(1);AB(4);AW(6);AR(4);AN(2);AS(1);AV(2);BD(3);AP(6);AX(3);AC(1);AF(4);BE(1);AI(1);AK(2);AU(1);AT(1);AE(1);AJ(1);AO(1);BB(2);BC(2);BF(1);BG(1);AA(1);	Day18,12:32	Day18,12:59
i474	18	Day18,11:16	R4	20	40	AK(2);AY(4);AH(5);AD(1);AW(4);AC(2);AO(2);AE(3);AP(1);AR(2);AN(3);AB(1);AQ(1);AX(1);AV(2);AI(1);BA(2);BD(1);BG(1);AJ(1);	Day18,13:9	Day18,13:28
i470	18	Day18,8:6	R5	22	40	AV(3);AD(2);AN(5);AS(1);BG(6);BC(1);AW(3);AC(1);AE(2);AH(3);AM(1);AU(1);AY(1);AX(2);AJ(1);AR(1);BF(1);AA(1);BB(1);AK(1);AQ(1);BA(1);	Day18,13:38	Day18,13:56
i475	18	Day18,11:24	R6	16	30	BG(1);AP(5);AM(2);AH(2);AF(3);AA(1);AY(1);BE(3);AK(2);BC(1);AW(3);AN(2);AR(1);BF(1);BB(1);AC(1);	Day18,14:6	Day18,14:19
i477	18	Day18,13:26	R8	25	60	AR(3);AM(3);AW(7);AN(4);AO(1);AX(1);AC(3);AU(2);AH(4);AJ(4);BF(1);AS(3);AD(2);AP(4);AK(4);BB(1);AZ(2);AB(2);AV(1);BD(1);AY(1);AL(2);BG(2);BE(1);AE(1);	Day18,14:29	Day18,14:57
i478	18	Day18,14:6	R1	28	70	AH(8);BE(1);AW(3);AK(5);BB(3);AL(2);AP(5);AD(4);AZ(1);AT(2);BG(3);BC(3);AN(4);AY(2);AR(1);BA(1);AM(3);AC(2);AU(2);BD(2);AA(1);AS(1);AJ(4);AF(1);AB(2);AI(1);AV(2);AE(1);	Day18,15:7	Day18,15:39
i479	18	Day18,16:7	R2	28	100	AM(3);AU(3);AH(6);BE(7);AJ(4);AP(3);AS(2);AK(9);AY(3);AN(3);BC(2);AW(6);AV(5);AF(4);AD(3);AC(2);AA(2);AO(1);AL(1);AX(8);AB(4);AE(2);AR(5);BD(2);AT(1);BG(7);AQ(1);BF(1);	Day18,16:52	Day18,17:38
i481	18	Day18,17:0	R4	26	100	AD(3);AK(7);AP(10);AV(8);AI(3);AR(4);AT(2);AM(2);AH(7);BB(7);AO(1);AW(10);AC(3);AU(1);AQ(1);AY(4);AF(4);AL(3);BG(6);AE(1);AX(3);AN(4);AJ(2);BC(2);AZ(1);AS(1);	Day18,17:48	Day18,18:33
i483	18	Day18,17:44	R1	30	130	AE(2);AH(19);AW(10);AY(5);AK(6);AV(14);AJ(5);AC(3);BF(5);AX(7);AI(2);AF(5);BE(3);BA(3);AN(4);AP(7);BC(2);AA(2);BG(2);BB(3);AR(5);AU(1);AM(2);AG(2);BD(1);AS(4);AB(1);AD(3);AZ(1);AL(1);	Day18,18:43	Day18,19:42
i484	18	Day18,17:51	R2	27	80	AH(11);AT(3);AP(5);AZ(2);AQ(4);AA(3);AU(3);AB(4);AY(2);AK(5);AJ(6);AD(2);AV(1);AW(6);AS(1);BE(1);AM(3);AF(3);BG(2);AC(2);AR(2);AI(1);AX(3);BB(2);AL(1);AN(1);BF(1);	Day18,19:52	Day18,20:29
i486	18	Day18,19:17	R7	28	90	AY(8);AK(5);BF(2);AB(3);AH(13);AP(7);AF(4);AV(7);AD(2);BB(3);AX(5);AG(2);AU(1);AQ(1);AE(4);AW(4);BE(1);BC(2);AO(1);AA(1);AT(1);BD(1);BG(2);AC(2);AJ(1);AR(4);AI(1);AN(2);	Day18,20:39	Day18,21:20
i485	18	Day18,18:34	R6	31	80	AA(2);AI(1);AR(8);AH(7);AS(1);AU(2);AK(6);AX(6);AF(7);AV(2);AB(4);AC(2);AN(3);BG(1);AD(3);AL(1);AJ(3);AT(2);AY(1);AO(1);AW(3);BC(1);AE(1);AM(1);AP(2);BA(1);BF(1);BE(2);AZ(1);AQ(3);BB(1);	Day18,21:30	Day18,22:6
i480	18	Day18,16:28	R3	22	60	BC(1);AP(2);AH(5);AD(2);AQ(3);AR(2);AE(2);BD(1);AW(8);AV(4);AM(2);AK(6);AF(5);AJ(4);AB(3);BG(2);AX(1);AA(1);AN(1);AY(3);AS(1);AI(1);	Day18,22:16	Day18,22:43
i487	18	Day18,20:3	R8	26	60	AK(4);AJ(4);AZ(2);AP(3);BE(1);AV(4);AB(3);BG(2);AX(3);BA(3);BC(3);AR(5);AQ(2);AA(2);AH(5);BD(1);AW(3);AM(1);AY(1);AL(2);AU(1);AS(1);AI(1);AD(1);BB(1);AO(1);	Day18,22:53	Day18,23:20
i482	18	Day18,17:5	R5	22	50	AN(1);AF(1);AQ(2);AV(5);AH(10);AA(2);BE(3);AW(3);AB(2);AY(1);AP(2);AO(1);AC(3);AS(1);AD(1);AK(2);AM(1);AE(1);BB(3);BF(1);BC(1);AR(3);	Day18,23:30	Day18,23:53
i489	18	Day18,23:7	R4	18	30	AF(2);AV(4);AH(3);AB(2);AE(2);AY(2);AI(1);AK(2);BC(1);BE(1);AL(1);AQ(1);AR(1);AN(2);AU(1);AP(1);AW(1);AD(2);	Day19,0:3	Day19,0:17
i491	18	Day18,23:41	R10	27	70	AH(6);AG(1);AR(4);BB(2);BF(4);AC(1);AM(1);AF(5);AY(1);BC(2);AW(3);AS(3);AV(4);AN(3);AJ(3);AB(2);AK(7);AT(2);BE(2);AP(5);AX(2);BD(2);AD(1);AE(1);AA(1);AQ(1);AU(1);	Day19,0:27	Day19,0:59
i490	18	Day18,23:22	R1	26	60	AT(3);AY(1);AH(5);BF(3);AB(2);AK(6);BA(2);AE(2);AX(3);AN(3);AW(3);AA(4);AF(2);AR(2);BG(1);AV(5);AI(1);AC(1);AS(1);AL(3);AJ(2);BC(1);AM(1);AP(1);BD(1);AO(1);	Day19,1:9	Day19,1:36
i488	18	Day18,21:48	R9	16	30	AD(1);BG(2);AP(4);AR(2);AN(2);AF(2);AX(1);AO(1);AJ(3);AS(1);AL(1);AV(3);AY(1);AH(4);AW(1);AU(1);	Day19,1:46	Day19,2:0
