Track	Block	Day No	Starting Time	Ending Time
C1	AX	1	Day1,0:52	Day1,11:26
C1	AX	1	Day1,11:26	Day1,18:36
C1	AR	1	Day1,18:36	Day2,0:19
C1	AR	2	Day2,0:19	Day2,10:49
C1	AR	2	Day2,10:49	Day2,19:14
C1	AR	2	Day2,19:14	Day3,2:27
C1	AW	3	Day3,2:27	Day3,10:41
C1	AH	3	Day3,10:41	Day3,11:57
C1	AH	3	Day3,11:57	Day3,15:14
C1	AH	3	Day3,15:14	Day3,17:42
C1	AH	3	Day3,17:42	Day3,21:16
C1	AH	3	Day3,21:16	Day4,7:30
C1	AH	4	Day4,7:30	Day4,10:27
C1	AH	4	Day4,10:27	Day4,18:55
C1	AN	4	Day4,18:55	Day5,9:35
C1	AN	5	Day5,9:35	Day5,14:52
C1	AV	5	Day5,14:52	Day5,22:49
C1	AC	5	Day5,22:49	Day6,10:38
C1	AS	6	Day6,10:38	Day7,4:9
C1	AS	7	Day7,4:9	Day7,22:58
C1	AJ	7	Day7,22:58	Day8,6:47
C1	AJ	8	Day8,6:47	Day8,13:43
C1	AW	8	Day8,13:43	Day8,15:45
C1	AW	8	Day8,15:45	Day8,19:39
C1	AW	8	Day8,19:39	Day8,23:8
C1	AK	8	Day8,23:8	Day9,3:49
C1	AK	9	Day9,3:49	Day9,10:25
C1	AW	9	Day9,10:25	Day9,15:11
C1	AP	9	Day9,15:11	Day9,22:8
C1	AH	9	Day9,22:8	Day10,3:46
C1	AV	10	Day10,3:46	Day10,9:57
C1	AV	10	Day10,9:57	Day10,16:24
C1	AV	10	Day10,16:24	Day11,4:2
C1	AV	11	Day11,4:2	Day11,13:57
C1	AE	11	Day11,13:57	Day12,9:7
C1	AH	12	Day12,9:7	Day12,13:59
C1	AK	12	Day12,13:59	Day13,2:59
C1	AH	13	Day13,2:59	Day13,6:47
C1	AN	13	Day13,6:47	Day13,15:48
C1	AF	13	Day13,15:48	Day14,0:18
C1	AF	14	Day14,0:18	Day14,19:24
C1	AW	14	Day14,19:24	Day14,23:40
C1	AW	14	Day14,23:40	Day15,3:52
C1	AW	15	Day15,3:52	Day15,7:44
C1	AW	15	Day15,7:44	Day15,15:20
C1	AJ	15	Day15,15:20	Day15,23:11
C1	AJ	15	Day15,23:11	Day16,8:5
C1	AS	16	Day16,8:5	Day16,19:14
C1	AV	16	Day16,19:14	Day17,0:49
C1	AV	17	Day17,0:49	Day17,15:20
C1	AY	17	Day17,15:20	Day17,22:31
C1	AY	17	Day17,22:31	Day18,7:38
C1	AD	18	Day18,7:38	Day18,23:20
C1	AF	18	Day18,23:20	Day19,2:0
C2	AR	1	Day1,0:52	Day1,11:26
C2	AW	1	Day1,11:26	Day1,15:40
C2	AY	1	Day1,15:40	Day1,18:36
C2	AC	1	Day1,18:36	Day2,2:24
C2	AL	2	Day2,2:24	Day3,8:13
C2	AB	3	Day3,8:13	Day3,12:52
C2	AN	3	Day3,12:52	Day3,18:42
C2	AJ	3	Day3,18:42	Day4,4:42
C2	AJ	4	Day4,4:42	Day4,13:3
C2	AJ	4	Day4,13:3	Day4,20:28
C2	AM	4	Day4,20:28	Day6,2:49
C2	AP	6	Day6,2:49	Day6,8:37
C2	AP	6	Day6,8:37	Day6,15:19
C2	AP	6	Day6,15:19	Day6,20:39
C2	AN	6	Day6,20:39	Day7,5:15
C2	AN	7	Day7,5:15	Day7,10:59
C2	AN	7	Day7,10:59	Day7,17:56
C2	AH	7	Day7,17:56	Day7,22:25
C2	AH	7	Day7,22:25	Day8,2:28
C2	AH	8	Day8,2:28	Day8,5:23
C2	AP	8	Day8,5:23	Day8,10:50
C2	AP	8	Day8,10:50	Day8,13:43
C2	AR	8	Day8,13:43	Day8,22:35
C2	AR	8	Day8,22:35	Day9,4:21
C2	AW	9	Day9,4:21	Day9,7:59
C2	AW	9	Day9,7:59	Day9,10:25
C2	AH	9	Day9,10:25	Day9,13:43
C2	AH	9	Day9,13:43	Day9,19:27
C2	AB	9	Day9,19:27	Day10,5:57
C2	AA	10	Day10,5:57	Day11,2:12
C2	AK	11	Day11,2:12	Day11,12:5
C2	AS	11	Day11,12:5	Day12,10:13
C2	AE	12	Day12,10:13	Day13,1:4
C2	AM	13	Day13,1:4	Day13,19:58
C2	AY	13	Day13,19:58	Day14,14:4
C2	AJ	14	Day14,14:4	Day15,1:27
C2	AJ	15	Day15,1:27	Day15,15:20
C2	AW	15	Day15,15:20	Day15,21:20
C2	AH	15	Day15,21:20	Day16,1:35
C2	AH	16	Day16,1:35	Day16,5:46
C2	AQ	16	Day16,5:46	Day16,18:22
C2	AA	16	Day16,18:22	Day17,8:52
C2	AA	17	Day17,8:52	Day17,21:50
C2	AH	17	Day17,21:50	Day18,2:10
C2	AH	18	Day18,2:10	Day18,6:33
C2	AH	18	Day18,6:33	Day18,11:45
C2	AH	18	Day18,11:45	Day18,16:42
C2	AH	18	Day18,16:42	Day18,20:29
C2	AH	18	Day18,20:29	Day18,23:53
C2	AH	19	Day18,23:53	Day19,2:0
C3	AZ	1	Day1,0:52	Day1,10:49
C3	AV	1	Day1,10:49	Day1,16:40
C3	AH	1	Day1,16:40	Day1,18:3
C3	AH	1	Day1,18:3	Day1,20:38
C3	AK	1	Day1,20:38	Day2,3:15
C3	AP	2	Day2,3:15	Day2,13:8
C3	AK	2	Day2,13:8	Day2,20:42
C3	AE	2	Day2,20:42	Day3,1:50
C3	AH	3	Day3,1:50	Day3,9:22
C3	AK	3	Day3,9:22	Day3,15:14
C3	AK	3	Day3,15:14	Day3,20:48
C3	AK	3	Day3,20:48	Day4,6:39
C3	AK	4	Day4,6:39	Day4,16:21
C3	AP	4	Day4,16:21	Day4,21:15
C3	AP	4	Day4,21:15	Day5,4:51
C3	AP	5	Day5,4:51	Day5,11:55
C3	AP	5	Day5,11:55	Day5,19:7
C3	AP	5	Day5,19:7	Day6,2:49
C3	AM	6	Day6,2:49	Day6,22:54
C3	BC	6	Day6,22:54	Day7,14:4
C3	AW	7	Day7,14:4	Day7,19:33
C3	AF	7	Day7,19:33	Day8,3:46
C3	AF	8	Day8,3:46	Day8,9:30
C3	AY	8	Day8,9:30	Day8,15:45
C3	AM	8	Day8,15:45	Day9,0:27
C3	AM	9	Day9,0:27	Day9,11:38
C3	AV	9	Day9,11:38	Day9,18:38
C3	AN	9	Day9,18:38	Day10,4:18
C3	AN	10	Day10,4:18	Day10,16:24
C3	AN	10	Day10,16:24	Day11,9:42
C3	AF	11	Day11,9:42	Day11,19:40
C3	AK	11	Day11,19:40	Day12,3:0
C3	AH	12	Day12,3:0	Day12,9:45
C3	AJ	12	Day12,9:45	Day12,22:19
C3	AJ	12	Day12,22:19	Day13,9:1
C3	AQ	13	Day13,9:1	Day14,11:5
C3	AR	14	Day14,11:5	Day14,21:2
C3	BG	14	Day14,21:2	Day15,6:29
C3	AH	15	Day15,6:29	Day15,13:28
C3	AH	15	Day15,13:28	Day15,16:43
C3	AH	15	Day15,16:43	Day15,21:20
C3	AW	15	Day15,21:20	Day16,2:21
C3	AR	16	Day16,2:21	Day16,9:43
C3	AR	16	Day16,9:43	Day16,16:53
C3	AH	16	Day16,16:53	Day16,20:0
C3	AK	16	Day16,20:0	Day17,6:33
C3	AK	17	Day17,6:33	Day17,12:34
C3	AH	17	Day17,12:34	Day17,18:1
C3	AW	17	Day17,18:1	Day18,0:14
C3	AP	18	Day18,0:14	Day18,5:37
C3	AP	18	Day18,5:37	Day18,12:59
C3	AP	18	Day18,12:59	Day18,21:20
C3	AN	18	Day18,21:20	Day19,2:0
C4	AV	1	Day1,0:52	Day1,10:49
C4	AZ	1	Day1,10:49	Day1,16:40
C4	AE	1	Day1,16:40	Day2,10:49
C4	AE	2	Day2,10:49	Day2,20:42
C4	AA	2	Day2,20:42	Day3,8:13
C4	AL	3	Day3,8:13	Day5,11:55
C4	AO	5	Day5,11:55	Day7,15:19
C4	AJ	7	Day7,15:19	Day7,22:58
C4	AS	7	Day7,22:58	Day8,13:19
C4	BD	8	Day8,13:19	Day8,19:39
C4	BF	8	Day8,19:39	Day9,1:19
C4	BE	9	Day9,1:19	Day9,19:27
C4	AH	9	Day9,19:27	Day9,22:8
C4	AP	9	Day9,22:8	Day10,6:53
C4	AP	10	Day10,6:53	Day10,13:56
C4	AL	10	Day10,13:56	Day11,21:51
C4	AB	11	Day11,21:51	Day12,7:35
C4	AV	12	Day12,7:35	Day12,15:31
C4	AZ	12	Day12,15:31	Day14,11:5
C4	AQ	14	Day14,11:5	Day14,23:40
C4	AQ	14	Day14,23:40	Day16,5:46
C4	AH	16	Day16,5:46	Day16,10:30
C4	AU	16	Day16,10:30	Day16,19:14
C4	AS	16	Day16,19:14	Day17,22:31
C4	AS	17	Day17,22:31	Day18,16:42
C4	AS	18	Day18,16:42	Day19,1:36
C5	AY	1	Day1,0:52	Day1,8:33
C5	AF	1	Day1,8:33	Day1,10:16
C5	AH	1	Day1,10:16	Day1,14:25
C5	AP	1	Day1,14:25	Day1,14:58
C5	BG	1	Day1,14:58	Day1,19:51
C5	AW	1	Day1,19:51	Day2,0:19
C5	AW	2	Day2,0:19	Day2,6:56
C5	AY	2	Day2,6:56	Day2,12:13
C5	AN	2	Day2,12:13	Day2,20:42
C5	AN	2	Day2,20:42	Day3,0:44
C5	AN	3	Day3,0:44	Day3,10:4
C5	AF	3	Day3,10:4	Day3,14:23
C5	AB	3	Day3,14:23	Day3,16:56
C5	AW	3	Day3,16:56	Day3,21:48
C5	AM	3	Day3,21:48	Day4,19:33
C5	AF	4	Day4,19:33	Day5,4:51
C5	AF	5	Day5,4:51	Day5,12:19
C5	AU	5	Day5,12:19	Day6,7:18
C5	AV	6	Day6,7:18	Day6,16:48
C5	BA	6	Day6,16:48	Day8,2:28
C5	AW	8	Day8,2:28	Day8,7:15
C5	AW	8	Day8,7:15	Day8,11:56
C5	AH	8	Day8,11:56	Day8,15:17
C5	AH	8	Day8,15:17	Day8,18:5
C5	AH	8	Day8,18:5	Day8,22:2
C5	AH	8	Day8,22:2	Day9,2:53
C5	AH	9	Day9,2:53	Day9,5:40
C5	AN	9	Day9,5:40	Day9,17:26
C5	BG	9	Day9,17:26	Day10,2:59
C5	AQ	10	Day10,2:59	Day11,6:54
C5	AD	11	Day11,6:54	Day11,15:47
C5	AD	11	Day11,15:47	Day12,0:1
C5	AD	12	Day12,0:1	Day12,12:45
C5	AD	12	Day12,12:45	Day13,3:46
C5	AC	13	Day13,3:46	Day13,15:6
C5	AC	13	Day13,15:6	Day14,12:22
C5	AP	14	Day14,12:22	Day14,18:34
C5	AP	14	Day14,18:34	Day15,0:17
C5	AP	15	Day15,0:17	Day15,5:24
C5	AP	15	Day15,5:24	Day15,14:14
C5	AY	15	Day15,14:14	Day15,22:16
C5	AN	15	Day15,22:16	Day16,6:41
C5	BG	16	Day16,6:41	Day16,14:33
C5	AO	16	Day16,14:33	Day18,8:41
C5	BG	18	Day18,8:41	Day18,17:38
C5	AW	18	Day18,17:38	Day18,22:43
C5	AW	18	Day18,22:43	Day19,2:0
C6	AP	1	Day1,0:52	Day1,8:33
C6	BG	1	Day1,8:33	Day1,14:58
C6	AP	1	Day1,14:58	Day1,17:22
C6	AP	1	Day1,17:22	Day1,23:37
C6	AP	1	Day1,23:37	Day2,3:15
C6	BG	2	Day2,3:15	Day2,15:3
C6	BG	2	Day2,15:3	Day3,0:44
C6	BG	3	Day3,0:44	Day3,11:14
C6	AP	3	Day3,11:14	Day3,15:14
C6	AJ	3	Day3,15:14	Day3,18:42
C6	AN	3	Day3,18:42	Day4,8:8
C6	AN	4	Day4,8:8	Day4,18:55
C6	AH	4	Day4,18:55	Day4,21:52
C6	AH	4	Day4,21:52	Day5,5:47
C6	AH	5	Day5,5:47	Day5,10:17
C6	AH	5	Day5,10:17	Day5,15:43
C6	AH	5	Day5,15:43	Day5,20:2
C6	AJ	5	Day5,20:2	Day6,11:42
C6	AJ	6	Day6,11:42	Day6,19:58
C6	AJ	6	Day6,19:58	Day7,7:2
C6	AJ	7	Day7,7:2	Day7,15:19
C6	AY	7	Day7,15:19	Day8,0:49
C6	AY	8	Day8,0:49	Day8,9:30
C6	AF	8	Day8,9:30	Day8,14:30
C6	AB	8	Day8,14:30	Day8,21:7
C6	AY	8	Day8,21:7	Day9,1:58
C6	BA	9	Day9,1:58	Day11,18:16
C6	AN	11	Day11,18:16	Day12,6:15
C6	AR	12	Day12,6:15	Day12,18:0
C6	AP	12	Day12,18:0	Day13,4:50
C6	AB	13	Day13,4:50	Day13,20:26
C6	AB	13	Day13,20:26	Day14,13:18
C6	AD	14	Day14,13:18	Day15,1:55
C6	AU	15	Day15,1:55	Day15,17:20
C6	AB	15	Day15,17:20	Day16,4:27
C6	AB	16	Day16,4:27	Day16,16:6
C6	AD	16	Day16,16:6	Day17,0:11
C6	AD	17	Day17,0:11	Day17,11:47
C6	BG	17	Day17,11:47	Day17,23:50
C6	AX	18	Day17,23:50	Day18,6:33
C6	AX	18	Day18,6:33	Day18,19:42
C6	AK	18	Day18,19:42	Day19,0:17
C6	BB	19	Day19,0:17	Day19,0:59
C7	AD	1	Day1,0:52	Day1,10:16
C7	AB	1	Day1,10:16	Day1,18:3
C7	AK	1	Day1,18:3	Day1,20:38
C7	AV	1	Day1,20:38	Day2,9:2
C7	AV	2	Day2,9:2	Day2,15:27
C7	BE	2	Day2,15:27	Day3,1:21
C7	BE	3	Day3,1:21	Day3,11:57
C7	AT	3	Day3,11:57	Day4,14:46
C7	AT	4	Day4,14:46	Day5,20:53
C7	BE	5	Day5,20:53	Day6,12:29
C7	AD	6	Day6,12:29	Day7,0:40
C7	AD	7	Day7,0:40	Day7,8:44
C7	AH	7	Day7,8:44	Day7,13:22
C7	AH	7	Day7,13:22	Day7,17:56
C7	AN	7	Day7,17:56	Day7,23:26
C7	AN	7	Day7,23:26	Day8,4:37
C7	AX	8	Day8,4:37	Day8,10:50
C7	AX	8	Day8,10:50	Day8,18:5
C7	AK	8	Day8,18:5	Day8,23:8
C7	AW	8	Day8,23:8	Day9,1:58
C7	AW	9	Day9,1:58	Day9,4:21
C7	AR	9	Day9,4:21	Day9,9:10
C7	AY	9	Day9,9:10	Day9,18:38
C7	AV	9	Day9,18:38	Day10,3:46
C7	AH	10	Day10,3:46	Day10,9:23
C7	AH	10	Day10,9:23	Day10,14:52
C7	AK	10	Day10,14:52	Day11,2:12
C7	AA	11	Day11,2:12	Day12,0:1
C7	AA	12	Day12,0:1	Day12,16:4
C7	AF	12	Day12,16:4	Day13,6:0
C7	AX	13	Day13,6:0	Day13,16:34
C7	AW	13	Day13,16:34	Day13,21:41
C7	AW	13	Day13,21:41	Day14,3:14
C7	AW	14	Day14,3:14	Day14,14:32
C7	AW	14	Day14,14:32	Day14,19:24
C7	AF	14	Day14,19:24	Day15,2:19
C7	AN	15	Day15,2:19	Day15,11:13
C7	AX	15	Day15,11:13	Day15,18:20
C7	AV	15	Day15,18:20	Day16,0:49
C7	AV	16	Day16,0:49	Day16,7:28
C7	AW	16	Day16,7:28	Day16,11:26
C7	AW	16	Day16,11:26	Day16,16:30
C7	AF	16	Day16,16:30	Day16,21:56
C7	AC	16	Day16,21:56	Day17,14:42
C7	AW	17	Day17,14:42	Day17,18:1
C7	AH	17	Day17,18:1	Day17,21:50
C7	BC	17	Day17,21:50	Day18,14:41
C7	BC	18	Day18,14:41	Day19,2:0
C8	AB	1	Day1,0:52	Day1,10:16
C8	AK	1	Day1,10:16	Day1,14:25
C8	AK	1	Day1,14:25	Day1,18:3
C8	AD	1	Day1,18:3	Day2,7:20
C8	AD	2	Day2,7:20	Day2,15:27
C8	AV	2	Day2,15:27	Day2,23:16
C8	AZ	2	Day2,23:16	Day3,9:22
C8	AH	3	Day3,9:22	Day3,10:41
C8	AR	3	Day3,10:41	Day3,16:5
C8	BF	3	Day3,16:5	Day4,8:8
C8	BF	4	Day4,8:8	Day5,2:8
C8	AE	5	Day5,2:8	Day5,13:14
C8	AQ	5	Day5,13:14	Day6,5:45
C8	BG	6	Day6,5:45	Day6,16:48
C8	AG	6	Day6,16:48	Day8,1:18
C8	AG	8	Day8,1:18	Day8,14:30
C8	AC	8	Day8,14:30	Day8,18:5
C8	AC	8	Day8,18:5	Day9,0:55
C8	AC	9	Day9,0:55	Day9,9:52
C8	AC	9	Day9,9:52	Day10,1:8
C8	BB	10	Day10,1:8	Day10,18:16
C8	BB	10	Day10,18:16	Day11,13:57
C8	BB	11	Day11,13:57	Day12,2:5
C8	AP	12	Day12,2:5	Day12,10:13
C8	AP	12	Day12,10:13	Day12,18:0
C8	AR	12	Day12,18:0	Day13,5:32
C8	AR	13	Day13,5:32	Day13,17:43
C8	AH	13	Day13,17:43	Day13,22:23
C8	AH	13	Day13,22:23	Day14,4:5
C8	AN	14	Day14,4:5	Day14,20:11
C8	AH	14	Day14,20:11	Day15,0:54
C8	AH	15	Day15,0:54	Day15,6:29
C8	BG	15	Day15,6:29	Day15,19:30
C8	BG	15	Day15,19:30	Day16,6:41
C8	AN	16	Day16,6:41	Day16,13:47
C8	AV	16	Day16,13:47	Day16,19:14
C8	AU	16	Day16,19:14	Day17,17:15
C8	AB	17	Day17,17:15	Day18,3:41
C8	AW	18	Day18,3:41	Day18,11:45
C8	AW	18	Day18,11:45	Day18,17:38
C8	BG	18	Day18,17:38	Day19,1:36
C9	AJ	1	Day1,0:52	Day1,8:33
C9	AY	1	Day1,8:33	Day1,15:40
C9	AW	1	Day1,15:40	Day1,17:22
C9	AW	1	Day1,17:22	Day1,19:51
C9	AJ	1	Day1,19:51	Day2,12:13
C9	AY	2	Day2,12:13	Day2,19:14
C9	AY	2	Day2,19:14	Day3,2:27
C9	AF	3	Day3,2:27	Day3,10:4
C9	AN	3	Day3,10:4	Day3,12:52
C9	AD	3	Day3,12:52	Day3,17:42
C9	AX	3	Day3,17:42	Day3,22:35
C9	AX	3	Day3,22:35	Day4,11:56
C9	AX	4	Day4,11:56	Day4,21:52
C9	AX	4	Day4,21:52	Day5,7:15
C9	AX	5	Day5,7:15	Day5,17:16
C9	BG	5	Day5,17:16	Day6,5:45
C9	AQ	6	Day6,5:45	Day7,4:42
C9	AQ	7	Day7,4:42	Day7,16:14
C9	AQ	7	Day7,16:14	Day8,8:25
C9	AQ	8	Day8,8:25	Day8,19:39
C9	AF	8	Day8,19:39	Day9,1:19
C9	AJ	9	Day9,1:19	Day9,12:43
C9	AE	9	Day9,12:43	Day10,5:57
C9	AB	10	Day10,5:57	Day11,8:46
C9	AB	11	Day11,8:46	Day11,21:8
C9	AH	11	Day11,21:8	Day12,3:0
C9	AK	12	Day12,3:0	Day12,13:59
C9	AH	12	Day12,13:59	Day12,20:26
C9	AH	12	Day12,20:26	Day13,2:59
C9	AK	13	Day13,2:59	Day13,11:33
C9	BG	13	Day13,11:33	Day13,20:54
C9	AM	13	Day13,20:54	Day14,17:38
C9	BE	14	Day14,17:38	Day15,9:53
C9	AV	15	Day15,9:53	Day15,18:20
C9	AX	15	Day15,18:20	Day16,1:35
C9	AX	16	Day16,1:35	Day16,10:58
C9	AH	16	Day16,10:58	Day16,13:23
C9	AH	16	Day16,13:23	Day16,16:53
C9	AW	16	Day16,16:53	Day16,21:14
C9	AY	16	Day16,21:14	Day17,1:17
C9	AJ	17	Day17,1:17	Day17,16:20
C9	AJ	17	Day17,16:20	Day17,23:13
C9	AD	17	Day17,23:13	Day18,7:38
C9	AY	18	Day18,7:38	Day18,18:33
C9	AY	18	Day18,18:33	Day19,1:36
C9	AY	19	Day19,1:36	Day19,2:0
C10	AM	1	Day1,0:52	Day2,0:19
C10	AM	2	Day2,0:19	Day2,21:57
C10	AX	2	Day2,21:57	Day3,1:50
C10	AE	3	Day3,1:50	Day3,10:41
C10	AW	3	Day3,10:41	Day3,14:23
C10	AV	3	Day3,14:23	Day3,20:15
C10	BG	3	Day3,20:15	Day4,9:45
C10	BG	4	Day4,9:45	Day4,20:28
C10	BG	4	Day4,20:28	Day5,7:48
C10	BG	5	Day5,7:48	Day5,17:16
C10	AX	5	Day5,17:16	Day6,2:12
C10	AX	6	Day6,2:12	Day6,7:55
C10	AR	6	Day6,7:55	Day6,16:6
C10	AR	6	Day6,16:6	Day6,23:31
C10	AR	6	Day6,23:31	Day7,6:29
C10	AR	7	Day7,6:29	Day7,14:46
C10	AP	7	Day7,14:46	Day7,21:15
C10	AP	7	Day7,21:15	Day8,0:49
C10	AV	8	Day8,0:49	Day8,7:15
C10	AV	8	Day8,7:15	Day8,12:47
C10	AV	8	Day8,12:47	Day8,16:9
C10	AZ	8	Day8,16:9	Day8,23:31
C10	AD	8	Day8,23:31	Day9,7:59
C10	AL	9	Day9,7:59	Day10,12:47
C10	AW	10	Day10,12:47	Day10,17:2
C10	BF	10	Day10,17:2	Day11,18:16
C10	AW	11	Day11,18:16	Day11,22:47
C10	BG	11	Day11,22:47	Day12,14:50
C10	BG	12	Day12,14:50	Day13,2:18
C10	AV	13	Day13,2:18	Day13,7:29
C10	AS	13	Day13,7:29	Day14,11:5
C10	BG	14	Day14,11:5	Day14,21:2
C10	AR	14	Day14,21:2	Day15,4:34
C10	AR	15	Day15,4:34	Day15,15:48
C10	BF	15	Day15,15:48	Day16,4:27
C10	AA	16	Day16,4:27	Day16,17:59
C10	AL	16	Day16,17:59	Day18,2:36
C10	AF	18	Day18,2:36	Day18,13:28
C10	AF	18	Day18,13:28	Day18,23:20
C10	AV	18	Day18,23:20	Day19,2:0
C11	AC	1	Day1,0:52	Day1,11:26
C11	AC	1	Day1,11:26	Day1,18:36
C11	AX	1	Day1,18:36	Day2,2:24
C11	AC	2	Day2,2:24	Day2,16:40
C11	AW	2	Day2,16:40	Day2,22:48
C11	BB	2	Day2,22:48	Day3,10:4
C11	AQ	3	Day3,10:4	Day3,21:16
C11	BC	3	Day3,21:16	Day5,10:54
C11	BC	5	Day5,10:54	Day6,6:31
C11	AK	6	Day6,6:31	Day6,14:24
C11	AX	6	Day6,14:24	Day7,1:36
C11	AX	7	Day7,1:36	Day7,10:21
C11	AP	7	Day7,10:21	Day7,14:46
C11	AR	7	Day7,14:46	Day7,22:25
C11	AR	7	Day7,22:25	Day8,6:5
C11	AR	8	Day8,6:5	Day8,13:43
C11	AP	8	Day8,13:43	Day8,16:50
C11	AP	8	Day8,16:50	Day8,18:52
C11	BC	8	Day8,18:52	Day9,16:30
C11	AR	9	Day9,16:30	Day9,23:13
C11	AJ	9	Day9,23:13	Day10,9:23
C11	AJ	10	Day10,9:23	Day10,22:7
C11	AE	10	Day10,22:7	Day11,13:57
C11	AV	11	Day11,13:57	Day11,19:7
C11	AP	11	Day11,19:7	Day12,2:5
C11	BB	12	Day12,2:5	Day12,22:19
C11	BB	12	Day12,22:19	Day13,14:6
C11	AD	13	Day13,14:6	Day13,20:26
C11	AJ	13	Day13,20:26	Day14,14:4
C11	AY	14	Day14,14:4	Day15,1:27
C11	AY	15	Day15,1:27	Day15,14:14
C11	AP	15	Day15,14:14	Day15,20:25
C11	AP	15	Day15,20:25	Day16,3:45
C11	AP	16	Day16,3:45	Day16,10:58
C11	AP	16	Day16,10:58	Day16,17:35
C11	AP	16	Day16,17:35	Day16,23:6
C11	AN	16	Day16,23:6	Day17,10:52
C11	AP	17	Day17,10:52	Day17,18:34
C11	AP	17	Day17,18:34	Day18,0:14
C11	AW	18	Day18,0:14	Day18,4:5
C11	AB	18	Day18,4:5	Day18,14:41
C11	AC	18	Day18,14:41	Day19,1:36
C11	AQ	19	Day19,1:36	Day1,-1:0
C12	AN	1	Day1,0:52	Day1,8:33
C12	AW	1	Day1,8:33	Day1,11:26
C12	AR	1	Day1,11:26	Day1,15:40
C12	AR	1	Day1,15:40	Day1,19:9
C12	BB	1	Day1,19:9	Day2,7:20
C12	AB	2	Day2,7:20	Day2,15:27
C12	AB	2	Day2,15:27	Day3,8:13
C12	AA	3	Day3,8:13	Day3,12:52
C12	AA	3	Day3,12:52	Day4,13:3
C12	AR	4	Day4,13:3	Day4,21:15
C12	AR	4	Day4,21:15	Day5,5:47
C12	AR	5	Day5,5:47	Day5,13:48
C12	AB	5	Day5,13:48	Day6,0:26
C12	AH	6	Day6,0:26	Day6,4:59
C12	AH	6	Day6,4:59	Day6,9:14
C12	AH	6	Day6,9:14	Day6,13:15
C12	AH	6	Day6,13:15	Day6,17:34
C12	AH	6	Day6,17:34	Day7,0:40
C12	AH	7	Day7,0:40	Day7,4:42
C12	AH	7	Day7,4:42	Day7,8:44
C12	AD	7	Day7,8:44	Day7,16:47
C12	AX	7	Day7,16:47	Day7,22:58
C12	BG	7	Day7,22:58	Day8,9:59
C12	BF	8	Day8,9:59	Day8,18:52
C12	AP	8	Day8,18:52	Day8,23:8
C12	AP	8	Day8,23:8	Day9,2:53
C12	AP	9	Day9,2:53	Day9,9:10
C12	AX	9	Day9,9:10	Day9,16:30
C12	AW	9	Day9,16:30	Day9,21:22
C12	AW	9	Day9,21:22	Day10,2:59
C12	AW	10	Day10,2:59	Day10,12:47
C12	AM	10	Day10,12:47	Day11,23:29
C12	BE	11	Day11,23:29	Day13,1:4
C12	BD	13	Day13,1:4	Day14,16:34
C12	AU	14	Day14,16:34	Day15,1:55
C12	AD	15	Day15,1:55	Day15,13:28
C12	AD	15	Day15,13:28	Day16,0:49
C12	AD	16	Day16,0:49	Day16,8:38
C12	AD	16	Day16,8:38	Day16,16:53
C12	AR	16	Day16,16:53	Day17,0:49
C12	AR	17	Day17,0:49	Day17,19:2
C12	AQ	17	Day17,19:2	Day18,9:59
C12	BD	18	Day18,9:59	Day19,1:36
C13	AE	1	Day1,0:52	Day1,16:40
C13	AV	1	Day1,16:40	Day1,20:38
C13	AH	1	Day1,20:38	Day2,0:47
C13	AH	2	Day2,0:47	Day2,9:2
C13	AH	2	Day2,9:2	Day2,13:50
C13	AH	2	Day2,13:50	Day2,21:29
C13	AP	2	Day2,21:29	Day3,0:20
C13	AH	3	Day3,0:20	Day3,1:50
C13	AD	3	Day3,1:50	Day3,14:23
C13	AZ	3	Day3,14:23	Day5,8:25
C13	AA	5	Day5,8:25	Day6,1:3
C13	AN	6	Day6,1:3	Day6,11:42
C13	AN	6	Day6,11:42	Day6,20:39
C13	AF	6	Day6,20:39	Day7,5:15
C13	AF	7	Day7,5:15	Day7,11:54
C13	AV	7	Day7,11:54	Day7,19:0
C13	AV	7	Day7,19:0	Day8,1:18
C13	AP	8	Day8,1:18	Day8,5:23
C13	AH	8	Day8,5:23	Day8,8:25
C13	AH	8	Day8,8:25	Day8,11:56
C13	AW	8	Day8,11:56	Day8,13:43
C13	AJ	8	Day8,13:43	Day8,18:52
C13	AJ	8	Day8,18:52	Day9,1:19
C13	AF	9	Day9,1:19	Day9,7:59
C13	AD	9	Day9,7:59	Day9,14:34
C13	AK	9	Day9,14:34	Day9,21:22
C13	AK	9	Day9,21:22	Day10,4:51
C13	AS	10	Day10,4:51	Day11,12:5
C13	AK	11	Day11,12:5	Day11,19:40
C13	AF	11	Day11,19:40	Day12,7:6
C13	AF	12	Day12,7:6	Day12,16:4
C13	AA	12	Day12,16:4	Day13,9:1
C13	AA	13	Day13,9:1	Day14,11:5
C13	AO	14	Day14,11:5	Day16,12:22
C13	BF	16	Day16,12:22	Day17,1:17
C13	BF	17	Day17,1:17	Day17,19:2
C13	BF	17	Day17,19:2	Day18,5:37
C13	BF	18	Day18,5:37	Day19,0:59
C13	BF	19	Day19,0:59	Day19,1:36
C14	AG	1	Day1,0:52	Day2,16:40
C14	AF	2	Day2,16:40	Day2,23:16
C14	AS	2	Day2,23:16	Day3,17:42
C14	AE	3	Day3,17:42	Day4,8:40
C14	AE	4	Day4,8:40	Day5,2:8
C14	BF	5	Day5,2:8	Day5,19:7
C14	BF	5	Day5,19:7	Day6,9:51
C14	BF	6	Day6,9:51	Day6,21:17
C14	AP	6	Day6,21:17	Day7,2:55
C14	AP	7	Day7,2:55	Day7,10:59
C14	AX	7	Day7,10:59	Day7,16:47
C14	AD	7	Day7,16:47	Day8,3:46
C14	AD	8	Day8,3:46	Day8,10:27
C14	AD	8	Day8,10:27	Day8,16:50
C14	BB	8	Day8,16:50	Day8,23:31
C14	AE	8	Day8,23:31	Day9,12:43
C14	AJ	9	Day9,12:43	Day9,23:13
C14	AR	9	Day9,23:13	Day10,9:57
C14	AR	10	Day10,9:57	Day10,18:44
C14	AR	10	Day10,18:44	Day11,13:15
C14	AW	11	Day11,13:15	Day11,18:16
C14	BF	11	Day11,18:16	Day12,7:35
C14	AB	12	Day12,7:35	Day13,4:50
C14	AP	13	Day13,4:50	Day13,14:6
C14	AP	13	Day13,14:6	Day13,20:26
C14	BC	13	Day13,20:26	Day14,22:21
C14	BB	14	Day14,22:21	Day15,7:11
C14	BB	15	Day15,7:11	Day16,0:2
C14	AK	16	Day16,0:2	Day16,9:10
C14	AK	16	Day16,9:10	Day16,15:24
C14	AK	16	Day16,15:24	Day16,20:0
C14	AH	16	Day16,20:0	Day16,22:29
C14	AH	16	Day16,22:29	Day17,6:33
C14	AH	17	Day17,6:33	Day17,9:56
C14	AH	17	Day17,9:56	Day17,12:34
C14	AK	17	Day17,12:34	Day17,21:21
C14	BB	17	Day17,21:21	Day18,9:59
C14	AQ	18	Day18,9:59	Day19,1:36
C14	AR	19	Day19,1:36	Day1,-1:0
C15	BC	1	Day1,0:52	Day1,19:9
C15	AY	1	Day1,19:9	Day2,6:56
C15	AW	2	Day2,6:56	Day2,11:40
C15	AW	2	Day2,11:40	Day2,16:40
C15	AD	2	Day2,16:40	Day3,1:21
C15	AJ	3	Day3,1:21	Day3,11:57
C15	BD	3	Day3,11:57	Day5,0:49
C15	AK	5	Day5,0:49	Day5,8:25
C15	AZ	5	Day5,8:25	Day6,17:34
C15	AA	6	Day6,17:34	Day7,5:48
C15	AV	7	Day7,5:48	Day7,11:54
C15	AF	7	Day7,11:54	Day7,19:33
C15	AW	7	Day7,19:33	Day8,0:12
C15	AB	8	Day8,0:12	Day8,7:57
C15	AB	8	Day8,7:57	Day8,14:30
C15	AU	8	Day8,14:30	Day9,4:54
C15	AS	9	Day9,4:54	Day10,4:51
C15	AK	10	Day10,4:51	Day10,14:52
C15	AH	10	Day10,14:52	Day10,19:8
C15	AG	10	Day10,19:8	Day12,12:45
C15	AG	12	Day12,12:45	Day13,21:41
C15	AT	13	Day13,21:41	Day15,4:34
C15	AT	15	Day15,4:34	Day16,5:9
C15	AY	16	Day16,5:9	Day16,15:24
C15	AY	16	Day16,15:24	Day16,21:14
C15	AW	16	Day16,21:14	Day17,1:17
C15	AY	17	Day17,1:17	Day17,16:20
C15	AX	17	Day17,16:20	Day18,0:14
C15	BG	18	Day18,0:14	Day18,9:59
C15	BB	18	Day18,9:59	Day19,0:17
C15	AM	19	Day19,0:17	Day19,1:36
C16	AW	1	Day1,0:52	Day1,8:33
C16	AJ	1	Day1,8:33	Day1,14:58
C16	AJ	1	Day1,14:58	Day1,19:51
C16	BC	1	Day1,19:51	Day2,15:27
C16	AZ	2	Day2,15:27	Day2,23:16
C16	AV	2	Day2,23:16	Day3,9:22
C16	AV	3	Day3,9:22	Day3,14:23
C16	AW	3	Day3,14:23	Day3,16:56
C16	AB	3	Day3,16:56	Day4,8:40
C16	AB	4	Day4,8:40	Day5,1:35
C16	AB	5	Day5,1:35	Day5,13:48
C16	AR	5	Day5,13:48	Day5,23:44
C16	AR	5	Day5,23:44	Day6,7:55
C16	AX	6	Day6,7:55	Day6,14:24
C16	AK	6	Day6,14:24	Day6,22:12
C16	AK	6	Day6,22:12	Day7,4:42
C16	AE	7	Day7,4:42	Day7,16:47
C16	AO	7	Day7,16:47	Day9,7:59
C16	AF	9	Day9,7:59	Day9,13:43
C16	AF	9	Day9,13:43	Day9,20:40
C16	AF	9	Day9,20:40	Day10,6:53
C16	AF	10	Day10,6:53	Day10,17:39
C16	AF	10	Day10,17:39	Day11,9:42
C16	AN	11	Day11,9:42	Day11,19:7
C16	AV	11	Day11,19:7	Day12,8:12
C16	AW	12	Day12,8:12	Day12,14:50
C16	AW	12	Day12,14:50	Day13,0:18
C16	AW	13	Day13,0:18	Day13,5:32
C16	AW	13	Day13,5:32	Day13,9:43
C16	AY	13	Day13,9:43	Day13,19:25
C16	BE	13	Day13,19:25	Day14,17:38
C16	BD	14	Day14,17:38	Day16,9:43
C16	AZ	16	Day16,9:43	Day16,19:14
C16	AZ	16	Day16,19:14	Day18,4:42
C16	AN	18	Day18,4:42	Day18,11:8
C16	AN	18	Day18,11:8	Day18,21:20
C16	AP	18	Day18,21:20	Day19,2:0
C17	AT	1	Day1,0:52	Day2,0:47
C17	AA	2	Day2,0:47	Day2,20:42
C17	AO	2	Day2,20:42	Day5,12:19
C17	AF	5	Day5,12:19	Day5,21:53
C17	AW	5	Day5,21:53	Day6,4:3
C17	AW	6	Day6,4:3	Day6,9:51
C17	AY	6	Day6,9:51	Day6,18:16
C17	AY	6	Day6,18:16	Day7,3:32
C17	AU	7	Day7,3:32	Day7,21:15
C17	AU	7	Day7,21:15	Day8,14:30
C17	AF	8	Day8,14:30	Day8,19:39
C17	AQ	8	Day8,19:39	Day9,9:52
C17	BD	9	Day9,9:52	Day10,23:11
C17	AP	10	Day10,23:11	Day11,10:37
C17	AP	11	Day11,10:37	Day11,19:40
C17	BA	11	Day11,19:40	Day13,21:41
C17	AG	13	Day13,21:41	Day15,17:20
C17	AG	15	Day15,17:20	Day16,13:0
C17	AC	16	Day16,13:0	Day16,18:46
C17	AC	16	Day16,18:46	Day16,21:56
C17	AX	16	Day16,21:56	Day17,8:52
C17	AX	17	Day17,8:52	Day17,16:20
C17	AV	17	Day17,16:20	Day18,2:10
C17	AV	18	Day18,2:10	Day18,7:10
C17	AV	18	Day18,7:10	Day18,18:33
C17	AV	18	Day18,18:33	Day18,23:20
C17	AD	18	Day18,23:20	Day19,2:0
C18	AK	1	Day1,0:52	Day1,10:16
C18	AD	1	Day1,10:16	Day1,18:3
C18	BE	1	Day1,18:3	Day2,15:27
C18	BC	2	Day2,15:27	Day3,10:4
C18	BC	3	Day3,10:4	Day3,20:15
C18	AV	3	Day3,20:15	Day4,6:39
C18	AV	4	Day4,6:39	Day4,11:28
C18	AV	4	Day4,11:28	Day4,23:17
C18	AW	4	Day4,23:17	Day5,7:15
C18	AW	5	Day5,7:15	Day5,13:14
C18	AE	5	Day5,13:14	Day6,4:59
C18	AE	6	Day6,4:59	Day6,19:11
C18	AE	6	Day6,19:11	Day7,4:42
C18	AK	7	Day7,4:42	Day7,10:59
C18	AK	7	Day7,10:59	Day7,20:29
C18	AC	7	Day7,20:29	Day8,7:15
C18	AC	8	Day8,7:15	Day8,14:30
C18	AG	8	Day8,14:30	Day9,1:58
C18	AY	9	Day9,1:58	Day9,9:10
C18	AR	9	Day9,9:10	Day9,16:30
C18	AX	9	Day9,16:30	Day10,0:13
C18	AX	10	Day10,0:13	Day10,12:14
C18	AX	10	Day10,12:14	Day10,18:44
C18	AZ	10	Day10,18:44	Day12,15:31
C18	AV	12	Day12,15:31	Day13,2:18
C18	BG	13	Day13,2:18	Day13,11:33
C18	AK	13	Day13,11:33	Day13,18:38
C18	AV	13	Day13,18:38	Day14,0:18
C18	BA	14	Day14,0:18	Day16,11:54
C18	BA	16	Day16,11:54	Day18,4:42
C18	BA	18	Day18,4:42	Day19,1:36
C19	AH	1	Day1,0:52	Day1,10:16
C19	AS	1	Day1,10:16	Day2,0:47
C19	AN	2	Day2,0:47	Day2,12:13
C19	AX	2	Day2,12:13	Day2,21:57
C19	AC	2	Day2,21:57	Day3,2:27
C19	AX	3	Day3,2:27	Day3,11:14
C19	BG	3	Day3,11:14	Day3,20:48
C19	BB	3	Day3,20:48	Day4,15:14
C19	AU	4	Day4,15:14	Day5,12:19
C19	AL	5	Day5,12:19	Day7,2:55
C19	AL	7	Day7,2:55	Day8,9:2
C19	BB	8	Day8,9:2	Day8,17:14
C19	AD	8	Day8,17:14	Day8,23:31
C19	AV	8	Day8,23:31	Day9,4:21
C19	AV	9	Day9,4:21	Day9,11:38
C19	AO	9	Day9,11:38	Day11,21:51
C19	BC	11	Day11,21:51	Day12,16:32
C19	AN	12	Day12,16:32	Day13,6:47
C19	AH	13	Day13,6:47	Day13,12:28
C19	AH	13	Day13,12:28	Day13,17:43
C19	AR	13	Day13,17:43	Day14,11:5
C19	AA	14	Day14,11:5	Day15,9:53
C19	AF	15	Day15,9:53	Day15,19:30
C19	AF	15	Day15,19:30	Day16,3:3
C19	AF	16	Day16,3:3	Day16,8:38
C19	AF	16	Day16,8:38	Day16,16:53
C19	AB	16	Day16,16:53	Day17,0:11
C19	AB	17	Day17,0:11	Day17,18:34
C19	AU	17	Day17,18:34	Day18,11:8
C19	AO	18	Day18,11:8	Day19,1:36
C20	AF	1	Day1,5:27	Day1,9:35
C20	AP	1	Day1,9:35	Day1,14:25
C20	AH	1	Day1,14:25	Day1,16:40
C20	AZ	1	Day1,16:40	Day1,20:38
C20	AZ	1	Day1,20:38	Day2,16:40
C20	AC	2	Day2,16:40	Day2,21:57
C20	AJ	2	Day2,21:57	Day3,2:27
C20	AC	3	Day3,2:27	Day3,11:14
C20	AX	3	Day3,11:14	Day3,17:42
C20	BE	3	Day3,17:42	Day4,10:55
C20	AP	4	Day4,10:55	Day4,16:21
C20	AK	4	Day4,16:21	Day5,1:35
C20	AY	5	Day5,1:35	Day5,9:35
C20	AY	5	Day5,9:35	Day5,17:58
C20	AW	5	Day5,17:58	Day5,21:53
C20	AF	5	Day5,21:53	Day6,13:15
C20	AF	6	Day6,13:15	Day6,21:17
C20	BF	6	Day6,21:17	Day7,7:58
C20	BB	7	Day7,7:58	Day7,21:52
C20	BF	7	Day7,21:52	Day8,10:27
C20	BG	8	Day8,10:27	Day8,20:34
C20	AV	8	Day8,20:34	Day8,23:31
C20	BB	8	Day8,23:31	Day9,7:59
C20	BB	9	Day9,7:59	Day10,1:8
C20	AC	10	Day10,1:8	Day10,15:38
C20	AC	10	Day10,15:38	Day11,13:57
C20	AC	11	Day11,13:57	Day12,8:12
C20	BF	12	Day12,8:12	Day12,22:19
C20	BF	12	Day12,22:19	Day13,12:28
C20	BF	13	Day13,12:28	Day13,22:23
C20	BF	13	Day13,22:23	Day15,1:27
C20	BF	15	Day15,1:27	Day15,15:48
C20	AR	15	Day15,15:48	Day16,2:21
C20	AW	16	Day16,2:21	Day16,7:28
C20	AV	16	Day16,7:28	Day16,13:47
C20	AG	16	Day16,13:47	Day17,8:52
C20	AG	17	Day17,8:52	Day19,0:59
C21	BG	1	Day1,5:27	Day1,9:35
C21	AN	1	Day1,9:35	Day1,14:58
C21	AN	1	Day1,14:58	Day1,19:9
C21	AU	1	Day1,19:9	Day2,15:3
C21	BF	2	Day2,15:3	Day3,0:20
C21	AP	3	Day3,0:20	Day3,8:13
C21	AP	3	Day3,8:13	Day3,11:57
C21	AJ	3	Day3,11:57	Day3,15:14
C21	AP	3	Day3,15:14	Day3,18:42
C21	AP	3	Day3,18:42	Day3,23:3
C21	AP	3	Day3,23:3	Day4,10:55
C21	BA	4	Day4,10:55	Day6,16:48
C21	BG	6	Day6,16:48	Day7,1:36
C21	BG	7	Day7,1:36	Day7,12:40
C21	BE	7	Day7,12:40	Day8,1:18
C21	BE	8	Day8,1:18	Day8,17:14
C21	BE	8	Day8,17:14	Day9,1:58
C21	BF	9	Day9,1:58	Day9,9:10
C21	BF	9	Day9,9:10	Day10,0:13
C21	BF	10	Day10,0:13	Day10,17:2
C21	AW	10	Day10,17:2	Day11,4:30
C21	AH	11	Day11,4:30	Day11,10:37
C21	AH	11	Day11,10:37	Day11,16:39
C21	AH	11	Day11,16:39	Day11,21:51
C21	AO	11	Day11,21:51	Day14,11:5
C21	AS	14	Day14,11:5	Day15,5:24
C21	AS	15	Day15,5:24	Day16,8:5
C21	AJ	16	Day16,8:5	Day16,14:33
C21	AJ	16	Day16,14:33	Day16,17:59
C21	AJ	16	Day16,17:59	Day17,1:17
C21	AW	17	Day17,1:17	Day17,9:56
C21	AE	17	Day17,9:56	Day18,4:5
C21	AK	18	Day18,4:5	Day18,12:22
C21	AR	18	Day18,12:22	Day18,22:6
C21	AR	18	Day18,22:6	Day19,1:36
C22	AI	1	Day1,5:27	Day2,2:24
C22	AI	2	Day2,2:24	Day3,8:13
C22	AU	3	Day3,8:13	Day3,22:35
C22	AU	3	Day3,22:35	Day4,15:14
C22	BB	4	Day4,15:14	Day5,10:17
C22	BB	5	Day5,10:17	Day6,4:3
C22	BB	6	Day6,4:3	Day6,19:11
C22	AW	6	Day6,19:11	Day7,2:18
C22	AW	7	Day7,2:18	Day7,5:48
C22	AW	7	Day7,5:48	Day7,9:26
C22	AW	7	Day7,9:26	Day7,14:4
C22	BC	7	Day7,14:4	Day8,6:47
C22	BC	8	Day8,6:47	Day8,20:34
C22	BG	8	Day8,20:34	Day9,4:54
C22	AA	9	Day9,4:54	Day10,5:57
C22	AE	10	Day10,5:57	Day10,22:7
C22	AJ	10	Day10,22:7	Day11,11:24
C22	AX	11	Day11,11:24	Day11,20:35
C22	AJ	11	Day11,20:35	Day12,9:45
C22	AX	12	Day12,9:45	Day12,22:19
C22	AX	12	Day12,22:19	Day13,6:0
C22	AF	13	Day13,6:0	Day13,15:48
C22	AE	13	Day13,15:48	Day14,16:34
C22	AE	14	Day14,16:34	Day15,5:24
C22	AE	15	Day15,5:24	Day15,23:11
C22	AE	15	Day15,23:11	Day16,11:26
C22	AE	16	Day16,11:26	Day16,18:22
C22	AE	16	Day16,18:22	Day17,9:56
C22	AW	17	Day17,9:56	Day17,14:42
C22	AC	17	Day17,14:42	Day18,2:36
C22	AL	18	Day18,2:36	Day19,2:0
C23	BD	1	Day1,5:27	Day1,15:40
C23	AQ	1	Day1,15:40	Day2,7:20
C23	BB	2	Day2,7:20	Day2,23:16
C23	AF	2	Day2,23:16	Day3,2:27
C23	AR	3	Day3,2:27	Day3,10:41
C23	AI	3	Day3,10:41	Day5,15:43
C23	AI	5	Day5,15:43	Day7,4:42
C23	AI	7	Day7,4:42	Day8,10:27
C23	AL	8	Day8,10:27	Day9,9:10
C23	AP	9	Day9,9:10	Day9,16:30
C23	BC	9	Day9,16:30	Day10,19:8
C23	AH	10	Day10,19:8	Day11,4:30
C23	BD	11	Day11,4:30	Day13,1:4
C23	BE	13	Day13,1:4	Day13,20:26
C23	AD	13	Day13,20:26	Day14,13:18
C23	AB	14	Day14,13:18	Day15,3:10
C23	AB	15	Day15,3:10	Day15,17:20
C23	AU	15	Day15,17:20	Day16,10:58
C23	AX	16	Day16,10:58	Day16,18:46
C23	AX	16	Day16,18:46	Day16,21:56
C23	AF	16	Day16,21:56	Day17,9:56
C23	AF	17	Day17,9:56	Day17,20:40
C23	AF	17	Day17,20:40	Day18,2:36
C23	AM	18	Day18,2:36	Day19,0:17
C23	AB	19	Day19,0:17	Day19,2:0
C24	AU	1	Day1,5:27	Day1,19:9
C24	AN	1	Day1,19:9	Day2,0:47
C24	AS	2	Day2,0:47	Day2,23:16
C24	AT	2	Day2,23:16	Day3,11:57
C24	BE	3	Day3,11:57	Day3,16:5
C24	AY	3	Day3,16:5	Day4,4:42
C24	AY	4	Day4,4:42	Day4,11:56
C24	AY	4	Day4,11:56	Day5,1:35
C24	BD	5	Day5,1:35	Day6,8:37
C24	BD	6	Day6,8:37	Day7,6:29
C24	BD	7	Day7,6:29	Day8,11:14
C24	AN	8	Day8,11:14	Day8,15:17
C24	AN	8	Day8,15:17	Day8,22:2
C24	AN	8	Day8,22:2	Day9,5:40
C24	AH	9	Day9,5:40	Day9,10:25
C24	AK	9	Day9,10:25	Day9,14:34
C24	AD	9	Day9,14:34	Day10,2:4
C24	AD	10	Day10,2:4	Day10,13:56
C24	AP	10	Day10,13:56	Day11,4:30
C24	BE	11	Day11,4:30	Day11,23:29
C24	AM	11	Day11,23:29	Day13,1:4
C24	AE	13	Day13,1:4	Day13,15:48
C24	AN	13	Day13,15:48	Day14,4:5
C24	AH	14	Day14,4:5	Day14,14:32
C24	AH	14	Day14,14:32	Day14,20:11
C24	AN	14	Day14,20:11	Day15,2:19
C24	AF	15	Day15,2:19	Day15,9:53
C24	BE	15	Day15,9:53	Day16,3:3
C24	BE	16	Day16,3:3	Day16,13:0
C24	BE	16	Day16,13:0	Day16,17:59
C24	BE	16	Day16,17:59	Day17,8:52
C24	BE	17	Day17,8:52	Day18,1:28
C24	BE	18	Day18,1:28	Day18,15:23
C24	BE	18	Day18,15:23	Day19,2:0
C25	BF	1	Day1,5:27	Day1,17:22
C25	AF	1	Day1,17:22	Day1,19:51
C25	AF	1	Day1,19:51	Day2,8:7
C25	AF	2	Day2,8:7	Day2,20:42
C25	AK	2	Day2,20:42	Day2,23:16
C25	AW	2	Day2,23:16	Day3,5:0
C25	AY	3	Day3,5:0	Day3,16:5
C25	AR	3	Day3,16:5	Day4,2:44
C25	AR	4	Day4,2:44	Day4,13:3
C25	AA	4	Day4,13:3	Day5,8:25
C25	AK	5	Day5,8:25	Day5,16:34
C25	AK	5	Day5,16:34	Day5,23:44
C25	AK	5	Day5,23:44	Day6,6:31
C25	BC	6	Day6,6:31	Day6,22:54
C25	AT	6	Day6,22:54	Day7,16:47
C25	AE	7	Day7,16:47	Day8,1:59
C25	AK	8	Day8,1:59	Day8,7:57
C25	AK	8	Day8,7:57	Day8,13:19
C25	AI	8	Day8,13:19	Day9,9:52
C25	AI	9	Day9,9:52	Day11,15:47
C25	AY	11	Day11,15:47	Day12,0:1
C25	AY	12	Day12,0:1	Day12,11:50
C25	AY	12	Day12,11:50	Day13,0:18
C25	AY	13	Day13,0:18	Day13,9:43
C25	AJ	13	Day13,9:43	Day13,20:54
C25	BG	13	Day13,20:54	Day14,12:22
C25	AC	14	Day14,12:22	Day14,22:58
C25	AV	14	Day14,22:58	Day15,3:52
C25	AV	15	Day15,3:52	Day15,9:53
C25	AA	15	Day15,9:53	Day16,4:27
C25	BF	16	Day16,4:27	Day16,13:47
C25	AN	16	Day16,13:47	Day16,23:34
C25	BG	16	Day16,23:34	Day17,11:47
C25	AD	17	Day17,11:47	Day17,23:13
C25	AJ	17	Day17,23:13	Day18,7:10
C25	AJ	18	Day18,7:10	Day18,20:29
C25	AJ	18	Day18,20:29	Day19,1:36
C26	AS	1	Day1,5:27	Day1,10:16
C26	AF	1	Day1,10:16	Day1,18:3
C26	AB	1	Day1,18:3	Day2,8:7
C26	BD	2	Day2,8:7	Day3,10:4
C26	BB	3	Day3,10:4	Day3,21:16
C26	AQ	3	Day3,21:16	Day5,13:14
C26	AW	5	Day5,13:14	Day5,17:58
C26	AY	5	Day5,17:58	Day6,1:3
C26	AY	6	Day6,1:3	Day6,9:51
C26	AW	6	Day6,9:51	Day6,15:19
C26	AW	6	Day6,15:19	Day6,19:11
C26	BB	6	Day6,19:11	Day7,7:58
C26	BF	7	Day7,7:58	Day7,21:52
C26	BB	7	Day7,21:52	Day8,12:47
C26	AE	8	Day8,12:47	Day9,0:27
C26	AX	9	Day9,0:27	Day9,9:52
C26	AG	9	Day9,9:52	Day10,19:8
C26	BC	10	Day10,19:8	Day11,22:47
C26	AW	11	Day11,22:47	Day12,8:12
C26	AC	12	Day12,8:12	Day13,3:46
C26	AD	13	Day13,3:46	Day13,14:6
C26	BB	13	Day13,14:6	Day13,23:14
C26	AX	13	Day13,23:14	Day14,15:0
C26	AV	14	Day14,15:0	Day14,22:58
C26	AC	14	Day14,22:58	Day15,15:48
C26	AL	15	Day15,15:48	Day16,18:22
C26	BD	16	Day16,18:22	Day18,11:45
C26	AU	18	Day18,11:45	Day19,2:0
C27	AA	1	Day1,5:27	Day1,14:25
C27	AA	1	Day1,14:25	Day2,0:47
C27	AT	2	Day2,0:47	Day2,23:16
C27	AK	2	Day2,23:16	Day3,9:22
C27	AZ	3	Day3,9:22	Day3,14:23
C27	AF	3	Day3,14:23	Day3,21:48
C27	AW	3	Day3,21:48	Day4,7:30
C27	AW	4	Day4,7:30	Day4,11:28
C27	AW	4	Day4,11:28	Day4,18:14
C27	AW	4	Day4,18:14	Day4,23:17
C27	AV	4	Day4,23:17	Day5,9:2
C27	AJ	5	Day5,9:2	Day5,20:2
C27	AH	5	Day5,20:2	Day6,0:26
C27	AB	6	Day6,0:26	Day6,16:6
C27	AB	6	Day6,16:6	Day7,2:18
C27	AB	7	Day7,2:18	Day7,13:22
C27	AB	7	Day7,13:22	Day8,0:12
C27	AW	8	Day8,0:12	Day8,2:28
C27	BA	8	Day8,2:28	Day9,1:58
C27	BD	9	Day9,1:58	Day9,9:52
C27	AQ	9	Day9,9:52	Day10,2:59
C27	BG	10	Day10,2:59	Day10,18:16
C27	AT	10	Day10,18:16	Day12,20:26
C27	AT	12	Day12,20:26	Day13,23:14
C27	AL	13	Day13,23:14	Day15,14:56
C27	AK	15	Day15,14:56	Day16,0:2
C27	BB	16	Day16,0:2	Day16,11:54
C27	BB	16	Day16,11:54	Day16,22:29
C27	BB	16	Day16,22:29	Day17,21:21
C27	AK	17	Day17,21:21	Day18,4:5
C27	AR	18	Day18,4:5	Day18,12:22
C27	AK	18	Day18,12:22	Day18,19:42
C27	AX	18	Day18,19:42	Day19,1:36
C28	BE	1	Day1,5:27	Day1,15:40
C28	BD	1	Day1,15:40	Day2,8:7
C28	AQ	2	Day2,8:7	Day3,10:41
C28	AE	3	Day3,10:41	Day3,17:42
C28	AD	3	Day3,17:42	Day3,23:3
C28	AD	3	Day3,23:3	Day4,14:46
C28	AD	4	Day4,14:46	Day5,6:33
C28	AC	5	Day5,6:33	Day5,22:49
C28	AV	5	Day5,22:49	Day6,7:55
C28	AU	6	Day6,7:55	Day7,3:32
C28	AY	7	Day7,3:32	Day7,9:26
C28	AY	7	Day7,9:26	Day7,16:47
C28	AT	7	Day7,16:47	Day8,2:28
C28	AT	8	Day8,2:28	Day8,15:45
C28	AY	8	Day8,15:45	Day8,21:7
C28	AB	8	Day8,21:7	Day9,10:25
C28	AB	9	Day9,10:25	Day9,19:27
C28	BE	9	Day9,19:27	Day10,7:34
C28	AU	10	Day10,7:34	Day11,12:38
C28	BG	11	Day11,12:38	Day12,0:1
C28	AL	12	Day12,0:1	Day13,23:14
C28	BB	13	Day13,23:14	Day14,22:21
C28	BC	14	Day14,22:21	Day15,20:25
C28	BC	15	Day15,20:25	Day16,16:53
C28	BC	16	Day16,16:53	Day17,23:13
C28	AA	17	Day17,23:13	Day18,16:42
C28	AA	18	Day18,16:42	Day19,1:36
C29	AL	1	Day1,5:27	Day2,2:24
C29	AX	2	Day2,2:24	Day2,12:13
C29	AJ	2	Day2,12:13	Day2,21:29
C29	AH	2	Day2,21:29	Day3,0:20
C29	BF	3	Day3,0:20	Day3,17:42
C29	AG	3	Day3,17:42	Day5,3:56
C29	BE	5	Day5,3:56	Day5,20:53
C29	AT	5	Day5,20:53	Day6,22:12
C29	AC	6	Day6,22:12	Day7,7:58
C29	AC	7	Day7,7:58	Day7,20:29
C29	AK	7	Day7,20:29	Day8,1:59
C29	AE	8	Day8,1:59	Day8,13:19
C29	AS	8	Day8,13:19	Day9,4:54
C29	BG	9	Day9,4:54	Day9,18:38
C29	AY	9	Day9,18:38	Day10,4:18
C29	AY	10	Day10,4:18	Day10,15:38
C29	AY	10	Day10,15:38	Day11,8:46
C29	AY	11	Day11,8:46	Day11,16:39
C29	AI	11	Day11,16:39	Day13,6:0
C29	AI	13	Day13,6:0	Day14,21:44
C29	AX	14	Day14,21:44	Day15,3:10
C29	AX	15	Day15,3:10	Day15,11:13
C29	AN	15	Day15,11:13	Day15,22:16
C29	AY	15	Day15,22:16	Day16,5:9
C29	AT	16	Day16,5:9	Day16,20:0
C29	AT	16	Day16,20:0	Day17,19:40
C29	AR	17	Day17,19:40	Day18,4:5
C29	AE	18	Day18,4:5	Day18,22:6
C29	AE	18	Day18,22:6	Day19,2:0
C30	AQ	1	Day1,7:47	Day1,19:9
C30	BF	1	Day1,19:9	Day2,15:3
C30	AU	2	Day2,15:3	Day3,11:57
C30	AC	3	Day3,11:57	Day4,2:44
C30	AC	4	Day4,2:44	Day4,18:14
C30	AC	4	Day4,18:14	Day5,6:33
C30	AD	5	Day5,6:33	Day5,16:34
C30	AD	5	Day5,16:34	Day6,2:12
C30	AD	6	Day6,2:12	Day6,12:29
C30	BE	6	Day6,12:29	Day6,22:54
C30	BE	6	Day6,22:54	Day7,13:22
C30	BG	7	Day7,13:22	Day7,22:58
C30	AX	7	Day7,22:58	Day8,4:37
C30	AN	8	Day8,4:37	Day8,13:19
C30	AK	8	Day8,13:19	Day8,18:5
C30	AX	8	Day8,18:5	Day9,1:58
C30	AG	9	Day9,1:58	Day9,12:43
C30	AM	9	Day9,12:43	Day10,13:56
C30	AD	10	Day10,13:56	Day11,6:54
C30	AQ	11	Day11,6:54	Day12,10:13
C30	AQ	12	Day12,10:13	Day13,7:29
C30	AV	13	Day13,7:29	Day13,18:38
C30	AK	13	Day13,18:38	Day14,3:14
C30	AK	14	Day14,3:14	Day14,18:34
C30	AK	14	Day14,18:34	Day15,0:17
C30	AK	15	Day15,0:17	Day15,7:11
C30	AK	15	Day15,7:11	Day15,15:48
C30	AC	15	Day15,15:48	Day16,4:27
C30	AC	16	Day16,4:27	Day16,13:47
C30	AI	16	Day16,13:47	Day18,14:41
C30	AB	18	Day18,14:41	Day19,0:17
C30	AK	19	Day19,0:17	Day19,2:0
C31	AO	1	Day1,7:47	Day2,21:29
C31	AG	2	Day2,21:29	Day3,17:42
C31	AS	3	Day3,17:42	Day4,15:14
C31	AS	4	Day4,15:14	Day5,13:48
C31	AS	5	Day5,13:48	Day6,10:38
C31	AC	6	Day6,10:38	Day6,22:54
C31	AM	6	Day6,22:54	Day7,22:58
C31	AM	7	Day7,22:58	Day8,16:9
C31	AV	8	Day8,16:9	Day9,2:53
C31	AZ	9	Day9,2:53	Day10,18:44
C31	AX	10	Day10,18:44	Day11,11:24
C31	AJ	11	Day11,11:24	Day11,20:35
C31	AX	11	Day11,20:35	Day12,11:50
C31	AU	12	Day12,11:50	Day13,14:6
C31	AU	13	Day13,14:6	Day14,17:38
C31	AM	14	Day14,17:38	Day15,9:53
C31	AM	15	Day15,9:53	Day16,9:10
C31	AM	16	Day16,9:10	Day16,23:34
C31	AP	16	Day16,23:34	Day17,10:52
C31	AN	17	Day17,10:52	Day17,19:40
C31	AT	17	Day17,19:40	Day19,0:17
C31	AT	19	Day19,0:17	Day19,1:36
C32	BB	1	Day1,7:47	Day1,20:14
C32	BG	1	Day1,20:14	Day2,3:15
C32	AK	2	Day2,3:15	Day2,13:8
C32	AP	2	Day2,13:8	Day2,21:57
C32	AM	2	Day2,21:57	Day3,21:48
C32	AF	3	Day3,21:48	Day4,10:27
C32	AF	4	Day4,10:27	Day4,20:28
C32	AJ	4	Day4,20:28	Day5,9:2
C32	AV	5	Day5,9:2	Day5,14:52
C32	AN	5	Day5,14:52	Day6,1:3
C32	AA	6	Day6,1:3	Day6,17:34
C32	AV	6	Day6,17:34	Day6,23:31
C32	AV	6	Day6,23:31	Day7,5:48
C32	AA	7	Day7,5:48	Day7,19:0
C32	AA	7	Day7,19:0	Day8,6:5
C32	AA	8	Day8,6:5	Day8,16:9
C32	AA	8	Day8,16:9	Day9,4:54
C32	AU	9	Day9,4:54	Day10,7:34
C32	BE	10	Day10,7:34	Day11,4:30
C32	AW	11	Day11,4:30	Day11,13:15
C32	AR	11	Day11,13:15	Day12,6:15
C32	AN	12	Day12,6:15	Day12,16:32
C32	BC	12	Day12,16:32	Day13,20:54
C32	AP	13	Day13,20:54	Day14,13:18
C32	AZ	14	Day14,13:18	Day16,9:43
C32	BD	16	Day16,9:43	Day16,18:22
C32	AQ	16	Day16,18:22	Day17,19:40
C32	AN	17	Day17,19:40	Day18,5:37
C32	AZ	18	Day18,5:37	Day18,23:20
C33	BA	1	Day1,9:35	Day2,3:15
C33	BA	2	Day2,3:15	Day4,11:28
C33	BE	4	Day4,11:28	Day5,3:56
C33	AG	5	Day5,3:56	Day6,17:34
C33	AZ	6	Day6,17:34	Day8,1:18
C33	AZ	8	Day8,1:18	Day8,16:9
C33	AT	8	Day8,16:9	Day9,20:40
C33	AT	9	Day9,20:40	Day10,18:44
C33	BG	10	Day10,18:44	Day11,12:38
C33	AU	11	Day11,12:38	Day12,11:50
C33	AS	12	Day12,11:50	Day13,9:43
C33	AW	13	Day13,9:43	Day13,16:34
C33	AX	13	Day13,16:34	Day14,0:18
C33	AV	14	Day14,0:18	Day14,15:0
C33	AX	14	Day14,15:0	Day14,21:44
C33	AI	14	Day14,21:44	Day16,14:33
C33	BG	16	Day16,14:33	Day17,1:17
C33	AM	17	Day17,1:17	Day18,2:36
C33	AC	18	Day18,2:36	Day18,14:41
C33	AI	18	Day18,14:41	Day19,2:0
