outbound Train No	Day No	PullBack engine No	Starting time of pullback job	ending time of pullback job	departure time at departure area	Departure track No	Number of blocks	number of railcars	destination of blocks(associated number of cars)
o1	1	1	Day1,8:33	Day1,9:13	Day1,9:58	1	3	29	AW(15);AY(7);AF(7);
o2	1	2	Day1,8:33	Day1,9:28	Day1,10:13	2	4	28	AP(8);AJ(7);BG(7);AN(6);
o3	1	1	Day1,10:16	Day1,10:41	Day1,11:26	1	2	31	AH(17);AK(14);
o4	1	2	Day1,10:16	Day1,11:11	Day1,11:56	3	4	28	AD(11);AB(8);AS(5);AF(4);
o5	1	1	Day1,10:49	Day1,11:14	Day1,12:6	2	2	26	AV(19);AZ(7);
o6	1	2	Day1,11:26	Day1,11:51	Day1,12:36	1	2	34	AX(19);AC(15);
o7	1	1	Day1,11:26	Day1,11:51	Day1,12:46	4	2	25	AW(14);AR(11);
o8	1	1	Day1,11:59	Day1,12:24	Day1,13:9	3	2	28	AP(16);AA(12);
o9	1	2	Day1,11:59	Day1,12:24	Day1,13:19	5	2	25	AH(15);AK(10);
o10	1	1	Day1,14:58	Day1,15:23	Day1,16:8	1	2	25	BE(13);AJ(12);
o11	1	2	Day1,14:58	Day1,15:38	Day1,16:23	2	3	26	BG(10);AN(9);AP(7);
o12	1	1	Day1,15:40	Day1,16:5	Day1,16:50	3	2	28	BD(15);AQ(13);
o13	1	2	Day1,15:40	Day1,16:20	Day1,17:5	4	3	31	AW(12);AY(11);AR(8);
o14	1	1	Day1,16:40	Day1,17:5	Day1,17:50	1	2	25	AV(23);AZ(2);
o15	1	2	Day1,16:40	Day1,17:5	Day1,18:0	2	2	30	AE(15);AH(15);
o16	1	1	Day1,17:22	Day1,17:47	Day1,18:32	3	2	29	BF(21);AP(8);
o17	1	2	Day1,17:22	Day1,17:47	Day1,18:42	4	2	34	AW(18);AF(16);
o18	1	1	Day1,18:3	Day1,18:28	Day1,19:13	1	2	37	AK(23);AH(14);
o19	1	2	Day1,18:3	Day1,18:28	Day1,19:23	5	2	32	AD(19);AB(13);
o20	1	1	Day1,18:36	Day1,19:1	Day1,19:46	2	2	34	AX(21);AC(13);
o21	1	2	Day1,18:36	Day1,19:1	Day1,19:56	3	2	27	AR(17);AY(10);
o22	1	1	Day1,19:9	Day1,19:34	Day1,20:19	4	2	33	AN(20);BC(13);
o23	1	2	Day1,19:9	Day1,19:34	Day1,20:29	6	2	28	BB(15);AU(13);
o24	1	1	Day1,19:51	Day1,20:16	Day1,21:1	1	2	27	AW(17);AF(10);
o25	1	2	Day1,19:51	Day1,20:16	Day1,21:11	2	2	28	BG(16);AJ(12);
o26	1	1	Day1,20:38	Day1,21:3	Day1,21:48	3	2	29	AV(20);AZ(9);
o27	1	2	Day1,20:38	Day1,21:3	Day1,21:58	4	2	34	AH(19);AK(15);
o28	2	1	Day1,22:41	Day1,22:51	Day1,23:36	1	1	25	AP(25);
o29	2	2	Day1,22:41	Day1,23:6	Day1,23:51	2	2	31	AS(18);BA(13);
o30	2	1	Day2,0:19	Day2,0:29	Day2,1:14	1	1	26	AM(26);
o31	2	2	Day2,0:19	Day2,0:44	Day2,1:29	3	2	33	AW(19);AR(14);
o32	2	1	Day2,0:47	Day2,1:12	Day2,1:57	2	2	36	AH(18);AT(18);
o33	2	2	Day2,0:47	Day2,1:12	Day2,2:7	4	2	31	AA(18);AN(13);
o34	2	1	Day2,1:34	Day2,1:59	Day2,2:44	1	2	37	AX(19);AC(18);
o35	2	2	Day2,1:34	Day2,1:59	Day2,2:54	5	2	36	AL(19);AI(17);
o36	2	1	Day2,3:15	Day2,3:25	Day2,4:10	2	1	27	AK(27);
o37	2	2	Day2,3:15	Day2,3:40	Day2,4:25	3	2	37	AP(21);BG(16);
o38	2	1	Day2,4:6	Day2,4:31	Day2,5:16	1	2	33	AQ(24);BD(9);
o39	2	2	Day2,4:6	Day2,4:31	Day2,5:26	4	2	45	AW(23);AY(22);
o40	2	1	Day2,7:20	Day2,7:45	Day2,8:30	1	2	45	AF(23);AD(22);
o41	2	2	Day2,7:20	Day2,7:45	Day2,8:40	2	2	41	AB(22);BB(19);
o42	2	1	Day2,9:2	Day2,9:12	Day2,9:57	1	1	29	AV(29);
o43	2	2	Day2,9:2	Day2,9:12	Day2,10:7	3	1	27	AH(27);
o44	2	1	Day2,9:40	Day2,9:50	Day2,10:35	2	1	30	AE(30);
o45	2	2	Day2,9:40	Day2,9:50	Day2,10:45	4	1	26	AR(26);
o46	2	1	Day2,11:40	Day2,11:50	Day2,12:35	1	1	31	AW(31);
o47	2	2	Day2,11:40	Day2,11:50	Day2,12:45	5	1	28	AN(28);
o48	2	1	Day2,11:50	Day2,12:0	Day2,12:55	2	1	26	AJ(26);
o49	2	2	Day2,12:13	Day2,12:23	Day2,13:8	3	1	26	AX(26);
o50	2	1	Day2,12:13	Day2,12:23	Day2,13:18	4	1	25	AY(25);
o51	2	1	Day2,13:8	Day2,13:18	Day2,14:3	1	1	29	AK(29);
o52	2	2	Day2,13:8	Day2,13:18	Day2,14:13	6	1	27	AP(27);
o53	2	1	Day2,13:50	Day2,14:0	Day2,14:45	2	1	35	AH(35);
o54	2	2	Day2,13:50	Day2,14:0	Day2,14:55	3	1	26	AU(26);
o55	2	1	Day2,14:27	Day2,14:37	Day2,15:22	1	1	29	BF(29);
o56	2	2	Day2,14:27	Day2,14:37	Day2,15:32	4	1	26	BG(26);
o57	2	2	Day2,14:37	Day2,15:2	Day2,15:47	5	2	33	AV(21);AZ(12);
o58	2	2	Day2,15:27	Day2,15:52	Day2,16:37	1	2	38	BE(20);BC(18);
o59	2	1	Day2,15:27	Day2,15:52	Day2,16:47	2	2	42	AD(22);AB(20);
o60	2	1	Day2,15:59	Day2,16:24	Day2,17:9	3	2	44	AF(23);AW(21);
o61	2	2	Day2,15:59	Day2,16:24	Day2,17:19	4	2	37	AC(19);AG(18);
o62	2	1	Day2,17:17	Day2,17:27	Day2,18:12	1	1	25	AO(25);
o63	2	2	Day2,17:17	Day2,17:42	Day2,18:27	5	2	36	AR(23);AY(13);
o64	2	1	Day2,19:42	Day2,20:7	Day2,20:52	1	2	36	AK(19);AE(17);
o65	2	2	Day2,19:42	Day2,20:7	Day2,21:2	2	2	37	AA(19);AN(18);
o66	2	1	Day2,21:29	Day2,21:39	Day2,22:24	1	1	27	AH(27);
o67	2	2	Day2,21:29	Day2,21:54	Day2,22:39	3	2	37	AP(22);AJ(15);
o68	2	1	Day2,21:57	Day2,22:7	Day2,22:52	2	1	26	AM(26);
o69	3	2	Day2,21:57	Day2,22:22	Day2,23:7	4	2	31	AX(24);AC(7);
o70	3	1	Day2,22:48	Day2,23:13	Day2,23:58	1	2	40	BB(23);AS(17);
o71	3	2	Day2,22:48	Day2,23:13	Day3,0:8	5	2	34	AW(21);AF(13);
o72	3	1	Day2,23:16	Day2,23:41	Day3,0:26	2	2	25	AV(21);AZ(4);
o73	3	2	Day2,23:16	Day2,23:41	Day3,0:36	3	2	37	AT(21);AK(16);
o74	3	1	Day3,0:20	Day3,0:30	Day3,1:15	1	1	25	AH(25);
o75	3	2	Day3,0:20	Day3,0:45	Day3,1:30	4	2	40	BF(22);AP(18);
o76	3	1	Day3,0:44	Day3,1:9	Day3,1:54	2	2	38	BG(22);AN(16);
o77	3	2	Day3,1:21	Day3,1:31	Day3,2:16	1	1	26	AD(26);
o78	3	1	Day3,1:21	Day3,1:46	Day3,2:31	3	2	39	AJ(20);BE(19);
o79	3	2	Day3,1:50	Day3,2:15	Day3,3:0	4	2	31	AX(20);AC(11);
o80	3	1	Day3,1:50	Day3,2:15	Day3,3:10	5	2	30	AE(19);AH(11);
o81	3	1	Day3,2:27	Day3,2:52	Day3,3:37	1	2	46	AW(24);AR(22);
o82	3	2	Day3,2:27	Day3,2:52	Day3,3:47	2	2	40	AY(21);AF(19);
o83	3	2	Day3,2:52	Day3,3:17	Day3,4:2	6	2	29	AL(18);AI(11);
o84	3	2	Day3,5:33	Day3,5:58	Day3,6:43	1	2	32	AP(18);AA(14);
o85	3	1	Day3,5:33	Day3,5:58	Day3,6:53	3	2	40	AB(20);AU(20);
o86	3	1	Day3,8:46	Day3,9:11	Day3,9:56	1	2	25	AV(19);AZ(6);
o87	3	2	Day3,8:46	Day3,9:11	Day3,10:6	2	2	29	AH(16);AK(13);
o88	3	1	Day3,9:11	Day3,9:36	Day3,10:21	3	2	31	AQ(16);BD(15);
o89	3	2	Day3,10:4	Day3,10:29	Day3,11:14	1	2	27	BB(15);AF(12);
o90	3	1	Day3,10:4	Day3,10:29	Day3,11:24	4	2	28	AN(14);BC(14);
o91	3	1	Day3,10:41	Day3,11:6	Day3,11:51	2	2	28	AW(18);AR(10);
o92	3	2	Day3,10:41	Day3,11:6	Day3,12:1	3	2	28	AH(16);AE(12);
o93	3	1	Day3,11:14	Day3,11:39	Day3,12:24	1	2	29	AX(19);AC(10);
o94	3	2	Day3,11:14	Day3,11:39	Day3,12:34	5	2	33	AP(17);BG(16);
o95	3	1	Day3,11:47	Day3,12:12	Day3,12:57	4	2	26	AT(16);AH(10);
o96	3	2	Day3,11:47	Day3,12:12	Day3,13:7	6	2	26	AJ(15);BE(11);
o97	3	1	Day3,12:52	Day3,13:17	Day3,14:2	1	2	31	AD(17);AB(14);
o98	3	2	Day3,12:52	Day3,13:17	Day3,14:12	2	2	27	AN(16);AA(11);
o99	3	1	Day3,13:39	Day3,14:4	Day3,14:49	3	2	25	AV(21);AZ(4);
o100	3	2	Day3,13:39	Day3,14:4	Day3,14:59	4	2	38	AW(20);AF(18);
o101	3	1	Day3,15:14	Day3,15:39	Day3,16:24	1	2	40	AH(21);AK(19);
o102	3	2	Day3,15:14	Day3,15:39	Day3,16:34	2	2	35	AP(18);AJ(17);
o103	3	1	Day3,16:5	Day3,16:30	Day3,17:15	3	2	39	AY(21);AR(18);
o104	3	2	Day3,16:5	Day3,16:30	Day3,17:25	4	2	35	BF(20);BE(15);
o105	3	1	Day3,16:56	Day3,17:21	Day3,18:6	1	2	36	AW(24);AB(12);
o106	3	2	Day3,16:56	Day3,17:21	Day3,18:16	2	2	35	AX(18);AG(17);
o107	3	1	Day3,17:42	Day3,18:7	Day3,18:52	3	2	36	AH(21);AE(15);
o108	3	2	Day3,17:42	Day3,18:7	Day3,19:2	4	2	37	AS(19);AD(18);
o109	3	1	Day3,18:42	Day3,18:52	Day3,19:37	1	1	26	AN(26);
o110	3	2	Day3,18:42	Day3,19:7	Day3,19:52	2	2	44	AP(24);AJ(20);
o111	3	1	Day3,19:33	Day3,19:43	Day3,20:28	3	1	25	BC(25);
o112	3	2	Day3,19:33	Day3,19:43	Day3,20:38	4	1	25	BB(25);
o113	3	1	Day3,20:15	Day3,20:25	Day3,21:10	1	1	28	AV(28);
o114	3	2	Day3,20:15	Day3,20:25	Day3,21:20	2	1	27	BG(27);
o115	3	1	Day3,20:48	Day3,20:58	Day3,21:43	3	1	28	AK(28);
o116	3	2	Day3,20:48	Day3,20:58	Day3,21:53	5	1	26	AM(26);
o117	3	1	Day3,21:16	Day3,21:26	Day3,22:11	1	1	30	AH(30);
o118	3	2	Day3,21:16	Day3,21:26	Day3,22:21	4	1	25	AQ(25);
o119	3	1	Day3,21:48	Day3,21:58	Day3,22:43	2	1	30	AW(30);
o120	3	2	Day3,21:48	Day3,21:58	Day3,22:53	3	1	28	AF(28);
o121	4	1	Day3,22:35	Day3,22:45	Day3,23:30	1	1	28	AX(28);
o122	4	2	Day3,22:35	Day3,22:45	Day3,23:40	5	1	28	AU(28);
o123	4	1	Day3,23:3	Day3,23:13	Day3,23:58	2	1	27	AP(27);
o124	4	2	Day3,23:3	Day3,23:13	Day4,0:8	3	1	27	AD(27);
o125	4	1	Day3,23:27	Day3,23:37	Day4,0:22	4	1	27	AC(27);
o126	4	2	Day3,23:27	Day3,23:37	Day4,0:32	6	1	26	AR(26);
o127	4	1	Day4,3:26	Day4,3:36	Day4,4:21	1	1	26	AY(26);
o128	4	2	Day4,3:26	Day4,3:36	Day4,4:31	5	1	25	AJ(25);
o129	4	1	Day4,5:28	Day4,5:38	Day4,6:23	1	1	26	AK(26);
o130	4	2	Day4,5:28	Day4,5:38	Day4,6:33	2	1	26	AV(26);
o131	4	1	Day4,7:30	Day4,7:40	Day4,8:25	1	1	31	AH(31);
o132	4	2	Day4,7:30	Day4,7:40	Day4,8:35	3	1	31	AW(31);
o133	4	1	Day4,8:8	Day4,8:18	Day4,9:3	2	1	29	AN(29);
o134	4	2	Day4,8:8	Day4,8:18	Day4,9:13	4	1	29	BF(29);
o135	4	1	Day4,8:40	Day4,8:50	Day4,9:35	1	1	30	AB(30);
o136	4	2	Day4,8:40	Day4,8:50	Day4,9:45	5	1	28	AE(28);
o137	4	1	Day4,9:45	Day4,9:55	Day4,10:40	2	1	28	BG(28);
o138	4	2	Day4,9:45	Day4,9:55	Day4,10:50	3	1	28	BA(28);
o139	4	1	Day4,10:27	Day4,10:37	Day4,11:22	1	1	30	AH(30);
o140	4	2	Day4,10:27	Day4,10:37	Day4,11:32	4	1	28	AF(28);
o141	4	1	Day4,10:55	Day4,11:5	Day4,11:50	2	1	32	AP(32);
o142	4	2	Day4,10:55	Day4,11:5	Day4,12:0	5	1	29	BE(29);
o143	4	1	Day4,11:28	Day4,11:38	Day4,12:23	1	1	32	AW(32);
o144	4	2	Day4,11:28	Day4,11:38	Day4,12:33	3	1	30	AV(30);
o145	4	1	Day4,11:56	Day4,12:6	Day4,12:51	2	1	33	AY(33);
o146	4	2	Day4,11:56	Day4,12:6	Day4,13:1	4	1	30	AX(30);
o147	4	2	Day4,12:6	Day4,12:16	Day4,13:11	6	1	28	AJ(28);
o148	4	1	Day4,12:19	Day4,12:29	Day4,13:21	5	1	31	AR(31);
o149	4	2	Day4,12:19	Day4,12:29	Day4,13:31	7	1	28	AA(28);
o150	4	1	Day4,13:40	Day4,13:50	Day4,14:35	1	1	29	AT(29);
o151	4	2	Day4,13:40	Day4,13:50	Day4,14:45	3	1	29	AD(29);
o152	4	1	Day4,15:14	Day4,15:24	Day4,16:9	1	1	25	AS(25);
o153	4	2	Day4,15:14	Day4,15:39	Day4,16:24	2	2	46	AU(24);BB(22);
o154	4	1	Day4,16:9	Day4,16:19	Day4,17:4	1	1	28	AK(28);
o155	4	2	Day4,16:9	Day4,16:19	Day4,17:14	3	1	25	AP(25);
o156	4	1	Day4,17:21	Day4,17:31	Day4,18:16	2	1	36	AW(36);
o157	4	2	Day4,17:21	Day4,17:31	Day4,18:26	4	1	31	AC(31);
o158	4	1	Day4,18:55	Day4,19:5	Day4,19:50	1	1	33	AN(33);
o159	4	2	Day4,18:55	Day4,19:5	Day4,20:0	2	1	30	AH(30);
o160	4	1	Day4,19:33	Day4,19:43	Day4,20:28	3	1	31	AF(31);
o161	4	2	Day4,19:33	Day4,19:43	Day4,20:38	4	1	27	AM(27);
o162	4	1	Day4,20:28	Day4,20:38	Day4,21:23	1	1	27	AJ(27);
o163	4	2	Day4,20:28	Day4,20:38	Day4,21:33	5	1	26	BG(26);
o164	4	1	Day4,21:15	Day4,21:25	Day4,22:10	2	1	30	AP(30);
o165	4	2	Day4,21:15	Day4,21:25	Day4,22:20	3	1	29	AR(29);
o166	4	1	Day4,21:52	Day4,22:2	Day4,22:47	1	1	32	AH(32);
o167	4	2	Day4,21:52	Day4,22:2	Day4,22:57	4	1	31	AX(31);
o168	5	1	Day4,22:25	Day4,22:35	Day4,23:20	2	1	30	AV(30);
o169	5	2	Day4,22:25	Day4,22:35	Day4,23:30	5	1	30	AW(30);
o170	5	1	Day5,0:7	Day5,0:17	Day5,1:2	1	1	34	AK(34);
o171	5	2	Day5,0:7	Day5,0:17	Day5,1:12	3	1	29	BD(29);
o172	5	1	Day5,1:35	Day5,1:45	Day5,2:30	1	1	32	AY(32);
o173	5	2	Day5,1:35	Day5,1:45	Day5,2:40	2	1	30	AB(30);
o174	5	1	Day5,2:8	Day5,2:18	Day5,3:3	3	1	30	BF(30);
o175	5	2	Day5,2:8	Day5,2:18	Day5,3:13	4	1	28	AE(28);
o176	5	1	Day5,2:41	Day5,2:51	Day5,3:36	1	1	29	AG(29);
o177	5	2	Day5,2:41	Day5,2:51	Day5,3:46	5	1	29	BE(29);
o178	5	1	Day5,4:51	Day5,5:1	Day5,5:46	2	1	35	AP(35);
o179	5	2	Day5,4:51	Day5,5:1	Day5,5:56	3	1	32	AF(32);
o180	5	1	Day5,5:47	Day5,5:57	Day5,6:42	1	1	39	AH(39);
o181	5	2	Day5,5:47	Day5,5:57	Day5,6:52	2	1	36	AR(36);
o182	5	1	Day5,6:33	Day5,6:43	Day5,7:28	3	1	39	AD(39);
o183	5	2	Day5,6:33	Day5,6:43	Day5,7:38	4	1	38	AC(38);
o184	5	1	Day5,7:15	Day5,7:25	Day5,8:10	1	1	42	AW(42);
o185	5	2	Day5,7:15	Day5,7:25	Day5,8:20	2	1	36	AX(36);
o186	5	1	Day5,7:48	Day5,7:58	Day5,8:43	3	1	36	BG(36);
o187	5	2	Day5,7:48	Day5,7:58	Day5,8:53	5	1	35	AZ(35);
o188	5	1	Day5,8:25	Day5,8:35	Day5,9:20	1	1	36	AK(36);
o189	5	2	Day5,8:25	Day5,8:35	Day5,9:30	4	1	36	AA(36);
o190	5	1	Day5,9:2	Day5,9:12	Day5,9:57	2	1	36	AV(36);
o191	5	2	Day5,9:2	Day5,9:12	Day5,10:7	3	1	36	AJ(36);
o192	5	1	Day5,9:35	Day5,9:45	Day5,10:30	1	1	38	AN(38);
o193	5	2	Day5,9:35	Day5,9:45	Day5,10:40	5	1	34	AY(34);
o194	5	1	Day5,10:17	Day5,10:27	Day5,11:12	2	1	36	AH(36);
o195	5	2	Day5,10:17	Day5,10:27	Day5,11:22	4	1	36	BB(36);
o196	5	1	Day5,10:54	Day5,11:4	Day5,11:49	1	1	38	AQ(38);
o197	5	2	Day5,10:54	Day5,11:4	Day5,11:59	3	1	35	BC(35);
o198	5	1	Day5,11:27	Day5,11:37	Day5,12:22	2	1	36	AU(36);
o199	5	2	Day5,11:27	Day5,11:37	Day5,12:32	5	1	35	AL(35);
o200	5	1	Day5,11:55	Day5,12:5	Day5,12:50	1	1	36	AO(36);
o201	5	2	Day5,11:55	Day5,12:5	Day5,13:0	4	1	35	AP(35);
o202	5	1	Day5,12:19	Day5,12:29	Day5,13:14	3	1	31	AS(31);
o203	5	2	Day5,12:19	Day5,12:29	Day5,13:24	6	1	30	AF(30);
o204	5	1	Day5,13:14	Day5,13:24	Day5,14:9	2	1	41	AW(41);
o205	5	2	Day5,13:14	Day5,13:24	Day5,14:19	5	1	33	AE(33);
o206	5	1	Day5,13:38	Day5,13:48	Day5,14:33	1	1	30	AB(30);
o207	5	2	Day5,13:38	Day5,13:48	Day5,14:43	3	1	29	AR(29);
o208	5	1	Day5,14:52	Day5,15:2	Day5,15:47	2	1	32	AV(32);
o209	5	2	Day5,14:52	Day5,15:2	Day5,15:57	4	1	31	AN(31);
o210	5	1	Day5,15:43	Day5,15:53	Day5,16:38	1	1	37	AH(37);
o211	5	2	Day5,15:43	Day5,15:53	Day5,16:48	3	1	31	AI(31);
o212	5	1	Day5,16:34	Day5,16:44	Day5,17:29	2	1	36	AK(36);
o213	5	2	Day5,16:34	Day5,16:44	Day5,17:39	4	1	35	AD(35);
o214	5	1	Day5,17:16	Day5,17:26	Day5,18:11	1	1	38	BG(38);
o215	5	2	Day5,17:16	Day5,17:26	Day5,18:21	3	1	36	AX(36);
o216	5	1	Day5,17:58	Day5,18:8	Day5,18:53	2	1	39	AY(39);
o217	5	2	Day5,17:58	Day5,18:8	Day5,19:3	5	1	36	AW(36);
o218	5	1	Day5,19:7	Day5,19:17	Day5,20:2	1	1	40	BF(40);
o219	5	2	Day5,19:7	Day5,19:17	Day5,20:12	4	1	38	AP(38);
o220	5	1	Day5,20:2	Day5,20:12	Day5,20:57	1	1	42	AH(42);
o221	5	2	Day5,20:2	Day5,20:12	Day5,21:7	2	1	41	AJ(41);
o222	5	1	Day5,20:53	Day5,21:3	Day5,21:48	3	1	40	BE(40);
o223	5	2	Day5,20:53	Day5,21:3	Day5,21:58	4	1	39	AT(39);
o224	5	1	Day5,21:53	Day5,22:3	Day5,22:48	1	1	44	AW(44);
o225	5	2	Day5,21:53	Day5,22:3	Day5,22:58	2	1	41	AF(41);
o226	6	1	Day5,22:49	Day5,22:59	Day5,23:44	1	1	46	AV(46);
o227	6	2	Day5,22:49	Day5,22:59	Day5,23:54	3	1	41	AC(41);
o228	6	1	Day5,23:44	Day5,23:54	Day6,0:39	1	1	46	AR(46);
o229	6	2	Day5,23:44	Day5,23:54	Day6,0:49	2	1	43	AK(43);
o230	6	1	Day6,0:26	Day6,0:36	Day6,1:21	3	1	47	AH(47);
o231	6	2	Day6,0:26	Day6,0:36	Day6,1:31	4	1	42	AB(42);
o232	6	1	Day6,0:36	Day6,0:46	Day6,1:41	5	1	42	AA(42);
o233	6	2	Day6,1:3	Day6,1:13	Day6,1:58	1	1	38	AN(38);
o234	6	1	Day6,1:3	Day6,1:13	Day6,2:8	2	1	37	AY(37);
o235	6	1	Day6,2:12	Day6,2:22	Day6,3:7	3	1	43	AX(43);
o236	6	2	Day6,2:12	Day6,2:22	Day6,3:17	6	1	42	AD(42);
o237	6	1	Day6,2:49	Day6,2:59	Day6,3:44	1	1	43	AP(43);
o238	6	2	Day6,2:49	Day6,2:59	Day6,3:54	2	1	40	AM(40);
o239	6	1	Day6,4:3	Day6,4:13	Day6,4:58	3	1	43	AW(43);
o240	6	2	Day6,4:3	Day6,4:13	Day6,5:8	4	1	43	BB(43);
o241	6	1	Day6,4:59	Day6,5:9	Day6,5:54	1	1	46	AH(46);
o242	6	2	Day6,4:59	Day6,5:9	Day6,6:4	2	1	39	AE(39);
o243	6	1	Day6,5:45	Day6,5:55	Day6,6:40	3	1	39	AQ(39);
o244	6	2	Day6,5:45	Day6,5:55	Day6,6:50	4	1	39	BG(39);
o245	6	1	Day6,6:31	Day6,6:41	Day6,7:26	1	1	42	BC(42);
o246	6	2	Day6,6:31	Day6,6:41	Day6,7:36	2	1	42	AK(42);
o247	6	1	Day6,7:18	Day6,7:28	Day6,8:13	3	1	44	AV(44);
o248	6	2	Day6,7:18	Day6,7:28	Day6,8:23	4	1	42	AU(42);
o249	6	1	Day6,7:55	Day6,8:5	Day6,8:50	1	1	42	AR(42);
o250	6	2	Day6,7:55	Day6,8:5	Day6,9:0	2	1	40	AX(40);
o251	6	1	Day6,8:37	Day6,8:47	Day6,9:32	3	1	40	AP(40);
o252	6	2	Day6,8:37	Day6,8:47	Day6,9:42	5	1	38	BD(38);
o253	6	1	Day6,9:14	Day6,9:24	Day6,10:9	1	1	41	AH(41);
o254	6	2	Day6,9:14	Day6,9:24	Day6,10:19	4	1	41	AY(41);
o255	6	1	Day6,9:51	Day6,10:1	Day6,10:46	2	1	44	AW(44);
o256	6	2	Day6,9:51	Day6,10:1	Day6,10:56	3	1	41	BF(41);
o257	6	1	Day6,10:38	Day6,10:48	Day6,11:33	1	1	40	AS(40);
o258	6	2	Day6,10:38	Day6,10:48	Day6,11:43	5	1	39	AC(39);
o259	6	1	Day6,11:42	Day6,11:52	Day6,12:37	2	1	46	AN(46);
o260	6	2	Day6,11:42	Day6,11:52	Day6,12:47	3	1	44	AJ(44);
o261	6	1	Day6,12:29	Day6,12:39	Day6,13:24	1	1	42	AD(42);
o262	6	2	Day6,12:29	Day6,12:39	Day6,13:34	4	1	38	BE(38);
o263	6	1	Day6,13:15	Day6,13:25	Day6,14:10	2	1	46	AH(46);
o264	6	2	Day6,13:15	Day6,13:25	Day6,14:20	3	1	37	AF(37);
o265	6	1	Day6,14:24	Day6,14:34	Day6,15:19	1	1	42	AK(42);
o266	6	2	Day6,14:24	Day6,14:34	Day6,15:29	4	1	42	AX(42);
o267	6	1	Day6,15:19	Day6,15:29	Day6,16:14	1	1	45	AP(45);
o268	6	2	Day6,15:19	Day6,15:29	Day6,16:24	2	1	43	AW(43);
o269	6	1	Day6,16:6	Day6,16:16	Day6,17:1	3	1	42	AB(42);
o270	6	2	Day6,16:6	Day6,16:16	Day6,17:11	4	1	41	AR(41);
o271	6	2	Day6,16:16	Day6,16:26	Day6,17:21	5	1	40	AG(40);
o272	6	2	Day6,16:26	Day6,16:36	Day6,17:31	2	1	37	BA(37);
o273	6	1	Day6,16:48	Day6,16:58	Day6,17:43	1	1	45	AV(45);
o274	6	2	Day6,16:48	Day6,16:58	Day6,17:53	6	1	36	BG(36);
o275	6	2	Day6,16:58	Day6,17:8	Day6,18:3	7	1	36	AZ(36);
o276	6	1	Day6,17:34	Day6,17:44	Day6,18:29	3	1	42	AH(42);
o277	6	2	Day6,17:34	Day6,17:44	Day6,18:39	4	1	35	AA(35);
o278	6	1	Day6,18:16	Day6,18:26	Day6,19:11	1	1	35	AY(35);
o279	6	2	Day6,18:16	Day6,18:26	Day6,19:21	2	1	34	AE(34);
o280	6	1	Day6,19:11	Day6,19:21	Day6,20:6	3	1	37	BB(37);
o281	6	2	Day6,19:11	Day6,19:21	Day6,20:16	5	1	36	AW(36);
o282	6	1	Day6,19:58	Day6,20:8	Day6,20:53	1	1	36	AJ(36);
o283	6	2	Day6,19:58	Day6,20:8	Day6,21:3	2	1	36	AN(36);
o284	6	1	Day6,20:39	Day6,20:49	Day6,21:34	3	1	38	AP(38);
o285	6	2	Day6,20:39	Day6,20:49	Day6,21:44	4	1	37	AF(37);
o286	6	1	Day6,21:17	Day6,21:27	Day6,22:12	1	1	37	AT(37);
o287	6	2	Day6,21:17	Day6,21:27	Day6,22:22	5	1	34	BF(34);
o288	7	1	Day6,22:12	Day6,22:22	Day6,23:7	2	1	44	AK(44);
o289	7	2	Day6,22:12	Day6,22:22	Day6,23:17	3	1	37	AC(37);
o290	7	2	Day6,22:22	Day6,22:32	Day6,23:27	4	1	35	AM(35);
o291	7	1	Day6,22:54	Day6,23:4	Day6,23:49	1	1	36	BE(36);
o292	7	2	Day6,22:54	Day6,23:4	Day6,23:59	5	1	35	BC(35);
o293	7	1	Day6,23:31	Day6,23:41	Day7,0:26	2	1	41	AV(41);
o294	7	2	Day6,23:31	Day6,23:41	Day7,0:36	6	1	37	AR(37);
o295	7	1	Day7,0:40	Day7,0:50	Day7,1:35	1	1	53	AH(53);
o296	7	2	Day7,0:40	Day7,0:50	Day7,1:45	3	1	40	AD(40);
o297	7	1	Day7,1:36	Day7,1:46	Day7,2:31	1	1	46	AX(46);
o298	7	2	Day7,1:36	Day7,1:46	Day7,2:41	2	1	44	BG(44);
o299	7	1	Day7,2:18	Day7,2:28	Day7,3:13	3	1	49	AW(49);
o300	7	2	Day7,2:18	Day7,2:28	Day7,3:23	4	1	37	AB(37);
o301	7	1	Day7,2:55	Day7,3:5	Day7,3:50	1	1	41	AP(41);
o302	7	2	Day7,2:55	Day7,3:5	Day7,4:0	5	1	38	AL(38);
o303	7	1	Day7,3:32	Day7,3:42	Day7,4:27	2	1	40	AY(40);
o304	7	2	Day7,3:32	Day7,3:42	Day7,4:37	3	1	38	AU(38);
o305	7	2	Day7,3:42	Day7,3:52	Day7,4:47	4	1	35	AS(35);
o306	7	1	Day7,4:9	Day7,4:19	Day7,5:4	1	1	36	AQ(36);
o307	7	2	Day7,4:9	Day7,4:19	Day7,5:14	5	1	32	AK(32);
o308	7	1	Day7,4:19	Day7,4:29	Day7,5:24	6	1	32	AI(32);
o309	7	2	Day7,4:42	Day7,4:52	Day7,5:37	2	1	30	AH(30);
o310	7	1	Day7,4:42	Day7,4:52	Day7,5:47	3	1	30	AE(30);
o311	7	1	Day7,5:15	Day7,5:25	Day7,6:10	1	1	31	AN(31);
o312	7	2	Day7,5:15	Day7,5:25	Day7,6:20	4	1	30	AF(30);
o313	7	1	Day7,5:25	Day7,5:35	Day7,6:30	5	1	29	AA(29);
o314	7	2	Day7,5:48	Day7,5:58	Day7,6:43	2	1	28	AW(28);
o315	7	1	Day7,5:48	Day7,5:58	Day7,6:53	6	1	28	AV(28);
o316	7	1	Day7,6:29	Day7,6:39	Day7,7:24	1	1	29	AR(29);
o317	7	2	Day7,6:29	Day7,6:39	Day7,7:34	3	1	28	BD(28);
o318	7	1	Day7,7:2	Day7,7:12	Day7,7:57	2	1	29	BF(29);
o319	7	2	Day7,7:2	Day7,7:12	Day7,8:7	4	1	28	AJ(28);
o320	7	1	Day7,7:58	Day7,8:8	Day7,8:53	1	1	34	BB(34);
o321	7	2	Day7,7:58	Day7,8:8	Day7,9:3	5	1	29	AC(29);
o322	7	1	Day7,8:44	Day7,8:54	Day7,9:39	2	1	33	AH(33);
o323	7	2	Day7,8:44	Day7,8:54	Day7,9:49	3	1	30	AD(30);
o324	7	1	Day7,9:26	Day7,9:36	Day7,10:21	1	1	32	AW(32);
o325	7	2	Day7,9:26	Day7,9:36	Day7,10:31	4	1	31	AY(31);
o326	7	1	Day7,10:21	Day7,10:31	Day7,11:16	2	1	37	AP(37);
o327	7	2	Day7,10:21	Day7,10:31	Day7,11:26	5	1	36	AX(36);
o328	7	1	Day7,10:59	Day7,11:9	Day7,11:54	1	1	37	AK(37);
o329	7	2	Day7,10:59	Day7,11:9	Day7,12:4	3	1	33	AN(33);
o330	7	1	Day7,11:54	Day7,12:4	Day7,12:49	2	1	36	AV(36);
o331	7	2	Day7,11:54	Day7,12:4	Day7,12:59	4	1	33	AF(33);
o332	7	1	Day7,12:40	Day7,12:50	Day7,13:35	1	1	33	BE(33);
o333	7	2	Day7,12:40	Day7,12:50	Day7,13:45	3	1	32	BG(32);
o334	7	1	Day7,13:22	Day7,13:32	Day7,14:17	2	1	33	AB(33);
o335	7	2	Day7,13:22	Day7,13:32	Day7,14:27	4	1	31	AH(31);
o336	7	1	Day7,14:4	Day7,14:14	Day7,14:59	1	1	30	AW(30);
o337	7	2	Day7,14:4	Day7,14:14	Day7,15:9	5	1	29	BC(29);
o338	7	1	Day7,14:46	Day7,14:56	Day7,15:41	2	1	32	AR(32);
o339	7	2	Day7,14:46	Day7,14:56	Day7,15:51	3	1	32	AP(32);
o340	7	2	Day7,14:56	Day7,15:6	Day7,16:1	4	1	29	AO(29);
o341	7	1	Day7,15:19	Day7,15:29	Day7,16:14	1	1	31	AY(31);
o342	7	2	Day7,15:19	Day7,15:29	Day7,16:24	5	1	29	AJ(29);
o343	7	1	Day7,16:14	Day7,16:24	Day7,17:9	2	1	34	AQ(34);
o344	7	2	Day7,16:14	Day7,16:24	Day7,17:19	6	1	32	AE(32);
o345	7	2	Day7,16:24	Day7,16:34	Day7,17:29	3	1	32	AT(32);
o346	7	1	Day7,16:47	Day7,16:57	Day7,17:42	1	1	33	AX(33);
o347	7	2	Day7,16:47	Day7,16:57	Day7,17:52	4	1	30	AD(30);
o348	7	1	Day7,17:56	Day7,18:6	Day7,18:51	2	1	36	AH(36);
o349	7	2	Day7,17:56	Day7,18:6	Day7,19:1	5	1	35	AN(35);
o350	7	1	Day7,19:0	Day7,19:10	Day7,19:55	1	1	42	AV(42);
o351	7	2	Day7,19:0	Day7,19:10	Day7,20:5	2	1	38	AA(38);
o352	7	1	Day7,19:33	Day7,19:43	Day7,20:28	3	1	41	AF(41);
o353	7	2	Day7,19:33	Day7,19:43	Day7,20:38	4	1	39	AW(39);
o354	7	1	Day7,20:29	Day7,20:39	Day7,21:24	1	1	47	AK(47);
o355	7	2	Day7,20:29	Day7,20:39	Day7,21:34	5	1	40	AC(40);
o356	7	1	Day7,21:15	Day7,21:25	Day7,22:10	2	1	42	AU(42);
o357	7	2	Day7,21:15	Day7,21:25	Day7,22:20	3	1	38	AP(38);
o358	7	1	Day7,21:52	Day7,22:2	Day7,22:47	1	1	40	BF(40);
o359	7	2	Day7,21:52	Day7,22:2	Day7,22:57	4	1	39	BB(39);
o360	8	1	Day7,22:25	Day7,22:35	Day7,23:20	2	1	38	AH(38);
o361	8	2	Day7,22:25	Day7,22:35	Day7,23:30	5	1	38	AR(38);
o362	8	1	Day7,22:35	Day7,22:45	Day7,23:40	3	1	37	AX(37);
o363	8	2	Day7,22:35	Day7,22:45	Day7,23:50	6	1	36	AS(36);
o364	8	1	Day7,22:45	Day7,22:55	Day8,0:0	7	1	33	AJ(33);
o365	8	2	Day7,22:58	Day7,23:8	Day8,0:10	1	1	29	BG(29);
o366	8	1	Day7,22:58	Day7,23:8	Day8,0:20	4	1	28	AM(28);
o367	8	1	Day7,23:26	Day7,23:36	Day8,0:30	2	1	28	AN(28);
o368	8	1	Day8,0:12	Day8,0:22	Day8,1:7	3	1	30	AW(30);
o369	8	2	Day8,0:12	Day8,0:22	Day8,1:17	5	1	32	AB(32);
o370	8	2	Day8,0:22	Day8,0:32	Day8,1:27	4	1	29	AY(29);
o371	8	2	Day8,0:32	Day8,0:42	Day8,1:37	2	1	29	AZ(29);
o372	8	1	Day8,0:49	Day8,0:59	Day8,1:47	1	1	30	AV(30);
o373	8	2	Day8,0:49	Day8,0:59	Day8,1:57	6	1	28	AP(28);
o374	8	2	Day8,0:59	Day8,1:9	Day8,2:7	7	1	26	AG(26);
o375	8	1	Day8,1:18	Day8,1:28	Day8,2:17	3	1	29	BE(29);
o376	8	1	Day8,1:59	Day8,2:9	Day8,2:54	2	1	30	AK(30);
o377	8	2	Day8,1:59	Day8,2:9	Day8,3:4	4	1	30	AE(30);
o378	8	1	Day8,2:9	Day8,2:19	Day8,3:14	1	1	25	BA(25);
o379	8	2	Day8,2:28	Day8,2:38	Day8,3:24	3	1	25	AW(25);
o380	8	1	Day8,2:28	Day8,2:53	Day8,3:38	5	2	35	AH(24);AT(11);
o381	8	2	Day8,3:46	Day8,3:56	Day8,4:41	2	1	31	AF(31);
o382	8	1	Day8,3:46	Day8,3:56	Day8,4:51	6	1	31	AD(31);
o383	8	1	Day8,4:37	Day8,4:47	Day8,5:32	1	1	31	AX(31);
o384	8	2	Day8,4:37	Day8,4:47	Day8,5:42	3	1	27	AN(27);
o385	8	1	Day8,5:23	Day8,5:33	Day8,6:18	2	1	30	AP(30);
o386	8	2	Day8,5:23	Day8,5:33	Day8,6:28	4	1	28	AH(28);
o387	8	1	Day8,6:5	Day8,6:15	Day8,7:0	1	1	31	AA(31);
o388	8	2	Day8,6:5	Day8,6:15	Day8,7:10	3	1	29	AR(29);
o389	8	1	Day8,6:47	Day8,6:57	Day8,7:42	2	1	31	BC(31);
o390	8	2	Day8,6:47	Day8,6:57	Day8,7:52	5	1	30	AJ(30);
o391	8	2	Day8,6:57	Day8,7:7	Day8,8:2	4	1	30	AC(30);
o392	8	2	Day8,7:7	Day8,7:17	Day8,8:12	6	1	29	AW(29);
o393	8	1	Day8,7:15	Day8,7:25	Day8,8:22	1	1	31	AV(31);
o394	8	2	Day8,7:57	Day8,8:7	Day8,8:52	2	1	32	AK(32);
o395	8	1	Day8,7:57	Day8,8:7	Day8,9:2	3	1	30	AB(30);
o396	8	1	Day8,8:25	Day8,8:35	Day8,9:20	4	1	31	AH(31);
o397	8	2	Day8,8:25	Day8,8:35	Day8,9:30	5	1	29	AQ(29);
o398	8	1	Day8,9:2	Day8,9:12	Day8,9:57	1	1	30	AL(30);
o399	8	2	Day8,9:2	Day8,9:12	Day8,10:7	2	1	30	BB(30);
o400	8	1	Day8,9:30	Day8,9:40	Day8,10:25	3	1	30	AY(30);
o401	8	2	Day8,9:30	Day8,9:40	Day8,10:35	4	1	28	AF(28);
o402	8	1	Day8,9:40	Day8,9:50	Day8,10:45	5	1	28	BG(28);
o403	8	2	Day8,9:40	Day8,9:50	Day8,10:55	6	1	27	BF(27);
o404	8	1	Day8,9:50	Day8,10:0	Day8,11:5	7	1	27	AI(27);
o405	8	2	Day8,10:27	Day8,10:37	Day8,11:22	1	1	27	AD(27);
o406	8	1	Day8,10:50	Day8,11:0	Day8,11:45	2	1	28	AX(28);
o407	8	2	Day8,10:50	Day8,11:0	Day8,11:55	3	1	27	AP(27);
o408	8	1	Day8,11:14	Day8,11:24	Day8,12:9	4	1	28	BD(28);
o409	8	2	Day8,11:14	Day8,11:24	Day8,12:19	5	1	26	AN(26);
o410	8	1	Day8,11:56	Day8,12:6	Day8,12:51	1	1	32	AW(32);
o411	8	2	Day8,11:56	Day8,12:6	Day8,13:1	2	1	27	AH(27);
o412	8	1	Day8,12:47	Day8,12:57	Day8,13:42	3	1	30	AV(30);
o413	8	2	Day8,12:47	Day8,12:57	Day8,13:52	4	1	30	AE(30);
o414	8	1	Day8,13:19	Day8,13:29	Day8,14:14	1	1	28	AS(28);
o415	8	2	Day8,13:19	Day8,13:29	Day8,14:24	2	1	28	AK(28);
o416	8	1	Day8,13:29	Day8,13:39	Day8,14:34	5	1	27	AU(27);
o417	8	2	Day8,13:43	Day8,14:8	Day8,14:53	3	2	40	AR(23);AW(17);
o418	8	1	Day8,13:43	Day8,14:8	Day8,15:3	6	2	43	AJ(22);AP(21);
o419	8	2	Day8,14:8	Day8,14:33	Day8,15:18	4	2	38	AF(19);AB(19);
o420	8	1	Day8,14:30	Day8,14:55	Day8,15:40	1	2	45	AC(24);AG(21);
o421	8	2	Day8,15:17	Day8,15:42	Day8,16:27	2	2	37	AH(21);AT(16);
o422	8	1	Day8,15:17	Day8,15:42	Day8,16:37	3	2	40	AN(21);AA(19);
o423	8	1	Day8,15:45	Day8,15:55	Day8,16:47	1	1	26	AM(26);
o424	8	2	Day8,15:45	Day8,16:10	Day8,16:57	4	2	40	AY(21);AW(19);
o425	8	1	Day8,16:9	Day8,16:34	Day8,17:19	5	2	33	AV(19);AZ(14);
o426	8	2	Day8,16:50	Day8,17:15	Day8,18:0	2	2	37	BE(20);AP(17);
o427	8	1	Day8,16:50	Day8,17:15	Day8,18:10	3	2	37	BB(19);AD(18);
o428	8	1	Day8,18:5	Day8,18:30	Day8,19:15	1	2	40	AH(23);AK(17);
o429	8	2	Day8,18:5	Day8,18:30	Day8,19:25	4	2	28	AX(22);AC(6);
o430	8	1	Day8,18:52	Day8,19:17	Day8,20:2	2	2	32	BF(24);AP(8);
o431	8	2	Day8,18:52	Day8,19:17	Day8,20:12	3	2	40	AJ(22);BC(18);
o432	8	1	Day8,19:39	Day8,20:4	Day8,20:49	1	2	43	AW(22);AF(21);
o433	8	2	Day8,19:39	Day8,20:4	Day8,20:59	4	2	25	AQ(19);BD(6);
o434	8	1	Day8,20:34	Day8,20:44	Day8,21:29	2	1	27	AV(27);
o435	8	2	Day8,20:34	Day8,20:44	Day8,21:39	3	1	25	BG(25);
o436	8	1	Day8,21:7	Day8,21:17	Day8,22:2	1	1	26	AB(26);
o437	8	2	Day8,21:7	Day8,21:17	Day8,22:12	5	1	26	AY(26);
o438	8	1	Day8,22:2	Day8,22:12	Day8,22:57	2	1	31	AH(31);
o439	9	2	Day8,22:2	Day8,22:12	Day8,23:7	4	1	28	AN(28);
o440	9	1	Day8,22:35	Day8,22:45	Day8,23:30	1	1	27	AR(27);
o441	9	2	Day8,22:35	Day8,22:45	Day8,23:40	3	1	26	AP(26);
o442	9	1	Day8,23:8	Day8,23:18	Day9,0:3	2	1	27	AK(27);
o443	9	2	Day8,23:8	Day8,23:18	Day9,0:13	5	1	25	AW(25);
o444	9	1	Day8,23:18	Day8,23:28	Day9,0:23	4	1	25	AE(25);
o445	9	2	Day8,23:31	Day8,23:56	Day9,0:41	1	2	44	AD(23);BB(21);
o446	9	1	Day8,23:31	Day8,23:56	Day9,0:51	6	2	31	AV(23);AZ(8);
o447	9	1	Day9,0:27	Day9,0:37	Day9,1:22	2	1	27	AX(27);
o448	9	2	Day9,0:27	Day9,0:37	Day9,1:32	3	1	25	AM(25);
o449	9	1	Day9,0:37	Day9,1:2	Day9,1:47	4	2	32	AC(24);AG(8);
o450	9	2	Day9,0:37	Day9,1:2	Day9,1:57	5	2	45	AF(24);BA(21);
o451	9	1	Day9,1:19	Day9,1:29	Day9,2:14	1	1	26	AJ(26);
o452	9	2	Day9,1:19	Day9,1:44	Day9,2:29	6	2	40	BF(24);BE(16);
o453	9	1	Day9,1:42	Day9,2:7	Day9,2:52	2	2	38	AW(23);AY(15);
o454	9	1	Day9,2:53	Day9,3:3	Day9,3:48	1	1	25	AP(25);
o455	9	2	Day9,2:53	Day9,3:3	Day9,3:58	3	1	30	AH(30);
o456	9	1	Day9,3:49	Day9,3:59	Day9,4:44	1	1	27	AA(27);
o457	9	2	Day9,3:49	Day9,3:59	Day9,4:54	2	1	25	AK(25);
o458	9	1	Day9,4:21	Day9,4:31	Day9,5:16	3	1	26	AV(26);
o459	9	2	Day9,4:21	Day9,4:46	Day9,5:31	4	2	44	AR(23);AW(21);
o460	9	1	Day9,4:54	Day9,5:4	Day9,5:49	1	1	25	BG(25);
o461	9	2	Day9,4:54	Day9,5:19	Day9,6:4	2	2	45	AU(23);AS(22);
o462	9	1	Day9,5:40	Day9,5:50	Day9,6:35	3	1	29	AH(29);
o463	9	2	Day9,5:40	Day9,5:50	Day9,6:45	4	1	28	AN(28);
o464	9	1	Day9,5:50	Day9,6:0	Day9,6:55	1	1	27	AO(27);
o465	9	2	Day9,6:9	Day9,6:19	Day9,7:5	2	1	26	AX(26);
o466	9	1	Day9,6:9	Day9,6:34	Day9,7:19	5	2	34	AL(23);AI(11);
o467	9	2	Day9,7:59	Day9,8:24	Day9,9:9	3	2	43	AW(22);AF(21);
o468	9	1	Day9,7:59	Day9,8:24	Day9,9:19	6	2	38	BB(20);AD(18);
o469	9	1	Day9,8:50	Day9,9:15	Day9,10:0	1	2	38	AY(23);AR(15);
o470	9	2	Day9,8:50	Day9,9:15	Day9,10:10	2	2	42	BF(22);AP(20);
o471	9	1	Day9,9:52	Day9,10:17	Day9,11:2	3	2	25	AQ(23);BD(2);
o472	9	2	Day9,9:52	Day9,10:17	Day9,11:12	4	2	31	AC(22);AG(9);
o473	9	1	Day9,10:25	Day9,10:50	Day9,11:35	1	2	44	AH(23);AK(21);
o474	9	2	Day9,10:25	Day9,10:50	Day9,11:45	2	2	43	AB(22);AW(21);
o475	9	1	Day9,11:38	Day9,11:48	Day9,12:33	3	1	29	AV(29);
o476	9	2	Day9,11:38	Day9,11:48	Day9,12:43	5	1	26	AM(26);
o477	9	1	Day9,12:43	Day9,12:53	Day9,13:38	1	1	29	AE(29);
o478	9	2	Day9,12:43	Day9,12:53	Day9,13:48	2	1	27	AJ(27);
o479	9	1	Day9,13:43	Day9,13:53	Day9,14:38	1	1	30	AH(30);
o480	9	2	Day9,13:43	Day9,13:53	Day9,14:48	3	1	29	AF(29);
o481	9	1	Day9,14:34	Day9,14:44	Day9,15:29	2	1	35	AK(35);
o482	9	2	Day9,14:34	Day9,14:44	Day9,15:39	4	1	33	AD(33);
o483	9	1	Day9,15:11	Day9,15:21	Day9,16:6	1	1	38	AP(38);
o484	9	2	Day9,15:11	Day9,15:21	Day9,16:16	3	1	36	AW(36);
o485	9	2	Day9,15:21	Day9,15:31	Day9,16:26	5	1	32	BC(32);
o486	9	1	Day9,15:44	Day9,15:54	Day9,16:39	2	1	35	AR(35);
o487	9	2	Day9,15:44	Day9,15:54	Day9,16:49	4	1	30	AX(30);
o488	9	1	Day9,17:26	Day9,17:36	Day9,18:21	1	1	33	BG(33);
o489	9	2	Day9,17:26	Day9,17:36	Day9,18:31	6	1	29	AN(29);
o490	9	1	Day9,17:58	Day9,18:8	Day9,18:53	2	1	30	AY(30);
o491	9	2	Day9,17:58	Day9,18:8	Day9,19:3	3	1	29	AV(29);
o492	9	2	Day9,18:8	Day9,18:18	Day9,19:13	4	1	27	BE(27);
o493	9	1	Day9,19:25	Day9,19:35	Day9,20:20	1	1	38	AH(38);
o494	9	2	Day9,19:25	Day9,19:35	Day9,20:30	5	1	27	AB(27);
o495	9	1	Day9,20:40	Day9,20:50	Day9,21:35	1	1	31	AF(31);
o496	9	2	Day9,20:40	Day9,20:50	Day9,21:45	2	1	29	AT(29);
o497	9	1	Day9,21:22	Day9,21:32	Day9,22:17	3	1	32	AK(32);
o498	9	2	Day9,21:22	Day9,21:32	Day9,22:27	4	1	31	AW(31);
o499	10	1	Day9,22:8	Day9,22:18	Day9,23:3	1	1	34	AH(34);
o500	10	2	Day9,22:8	Day9,22:18	Day9,23:13	5	1	31	AP(31);
o501	10	1	Day9,23:13	Day9,23:23	Day10,0:8	2	1	39	AR(39);
o502	10	2	Day9,23:13	Day9,23:23	Day10,0:18	3	1	35	AJ(35);
o503	10	1	Day10,0:13	Day10,0:23	Day10,1:8	1	1	38	BF(38);
o504	10	2	Day10,0:13	Day10,0:23	Day10,1:18	2	1	37	AX(37);
o505	10	1	Day10,1:8	Day10,1:18	Day10,2:3	1	1	41	BB(41);
o506	10	2	Day10,1:8	Day10,1:18	Day10,2:13	3	1	35	AC(35);
o507	10	1	Day10,2:4	Day10,2:14	Day10,2:59	1	1	37	AD(37);
o508	10	2	Day10,2:4	Day10,2:14	Day10,3:9	2	1	37	AQ(37);
o509	10	1	Day10,2:59	Day10,3:9	Day10,3:54	1	1	44	BG(44);
o510	10	2	Day10,2:59	Day10,3:9	Day10,4:4	3	1	42	AW(42);
o511	10	1	Day10,3:46	Day10,3:56	Day10,4:41	2	1	47	AH(47);
o512	10	2	Day10,3:46	Day10,3:56	Day10,4:51	4	1	43	AV(43);
o513	10	1	Day10,4:18	Day10,4:28	Day10,5:13	1	1	45	AY(45);
o514	10	2	Day10,4:18	Day10,4:28	Day10,5:23	3	1	43	AN(43);
o515	10	2	Day10,4:28	Day10,4:38	Day10,5:33	5	1	40	AA(40);
o516	10	1	Day10,4:51	Day10,5:1	Day10,5:46	2	1	41	AK(41);
o517	10	2	Day10,4:51	Day10,5:1	Day10,5:56	6	1	39	AS(39);
o518	10	1	Day10,5:19	Day10,5:29	Day10,6:14	1	1	39	AE(39);
o519	10	2	Day10,5:19	Day10,5:29	Day10,6:24	4	1	35	AB(35);
o520	10	1	Day10,6:53	Day10,7:3	Day10,7:48	3	1	41	AP(41);
o521	10	2	Day10,6:53	Day10,7:3	Day10,7:58	5	1	37	AF(37);
o522	10	1	Day10,7:34	Day10,7:44	Day10,8:29	1	1	36	AU(36);
o523	10	2	Day10,7:34	Day10,7:44	Day10,8:39	2	1	34	BE(34);
o524	10	1	Day10,8:7	Day10,8:17	Day10,9:2	3	1	35	AJ(35);
o525	10	2	Day10,8:7	Day10,8:17	Day10,9:12	4	1	34	AH(34);
o526	10	1	Day10,9:52	Day10,10:2	Day10,10:47	1	1	31	AV(31);
o527	10	2	Day10,9:52	Day10,10:2	Day10,10:57	5	1	30	AR(30);
o528	10	1	Day10,10:48	Day10,10:58	Day10,11:43	1	1	36	AX(36);
o529	10	2	Day10,10:48	Day10,10:58	Day10,11:53	2	1	31	AM(31);
o530	10	1	Day10,12:47	Day10,12:57	Day10,13:42	1	1	34	AW(34);
o531	10	2	Day10,12:47	Day10,12:57	Day10,13:52	3	1	32	AL(32);
o532	10	1	Day10,13:56	Day10,14:6	Day10,14:51	1	1	39	AD(39);
o533	10	2	Day10,13:56	Day10,14:6	Day10,15:1	2	1	34	AP(34);
o534	10	1	Day10,14:52	Day10,15:2	Day10,15:47	1	1	40	AK(40);
o535	10	2	Day10,14:52	Day10,15:2	Day10,15:57	3	1	37	AH(37);
o536	10	1	Day10,15:38	Day10,15:48	Day10,16:33	2	1	35	AC(35);
o537	10	2	Day10,15:38	Day10,15:48	Day10,16:43	4	1	32	AY(32);
o538	10	1	Day10,16:24	Day10,16:34	Day10,17:19	1	1	35	AN(35);
o539	10	2	Day10,16:24	Day10,16:34	Day10,17:29	3	1	34	AV(34);
o540	10	1	Day10,17:2	Day10,17:12	Day10,17:57	2	1	37	AW(37);
o541	10	2	Day10,17:2	Day10,17:12	Day10,18:7	4	1	33	BF(33);
o542	10	2	Day10,17:12	Day10,17:22	Day10,18:17	5	1	33	AZ(33);
o543	10	1	Day10,17:39	Day10,17:49	Day10,18:34	1	1	35	AF(35);
o544	10	2	Day10,17:39	Day10,17:49	Day10,18:44	3	1	32	BG(32);
o545	10	1	Day10,18:16	Day10,18:26	Day10,19:11	2	1	34	BB(34);
o546	10	2	Day10,18:16	Day10,18:26	Day10,19:21	6	1	32	AT(32);
o547	10	1	Day10,18:44	Day10,18:54	Day10,19:39	1	1	34	AX(34);
o548	10	2	Day10,18:44	Day10,18:54	Day10,19:49	4	1	33	AR(33);
o549	10	2	Day10,18:54	Day10,19:4	Day10,19:59	5	1	31	BC(31);
o550	10	1	Day10,19:8	Day10,19:18	Day10,20:9	3	1	34	AH(34);
o551	10	2	Day10,19:8	Day10,19:18	Day10,20:19	7	1	31	AG(31);
o552	10	1	Day10,19:50	Day10,20:0	Day10,20:45	2	1	31	AE(31);
o553	10	2	Day10,19:50	Day10,20:0	Day10,20:55	6	1	30	AJ(30);
o554	11	1	Day10,23:11	Day10,23:21	Day11,0:6	1	1	40	AP(40);
o555	11	2	Day10,23:11	Day10,23:21	Day11,0:16	3	1	32	BD(32);
o556	11	1	Day10,23:44	Day10,23:54	Day11,0:39	2	1	35	AK(35);
o557	11	2	Day10,23:44	Day10,23:54	Day11,0:49	4	1	33	AA(33);
o558	11	1	Day11,2:58	Day11,3:8	Day11,3:53	1	1	38	AV(38);
o559	11	2	Day11,2:58	Day11,3:8	Day11,4:3	5	1	35	BE(35);
o560	11	1	Day11,4:30	Day11,4:40	Day11,5:25	1	1	35	AH(35);
o561	11	2	Day11,4:30	Day11,4:40	Day11,5:35	2	1	34	AW(34);
o562	11	1	Day11,4:58	Day11,5:8	Day11,5:53	3	1	34	AQ(34);
o563	11	2	Day11,4:58	Day11,5:8	Day11,6:3	4	1	34	AD(34);
o564	11	1	Day11,7:50	Day11,8:0	Day11,8:45	1	1	37	AB(37);
o565	11	2	Day11,7:50	Day11,8:0	Day11,8:55	5	1	34	AY(34);
o566	11	1	Day11,9:42	Day11,9:52	Day11,10:37	1	1	38	AF(38);
o567	11	2	Day11,9:42	Day11,9:52	Day11,10:47	2	1	29	AN(29);
o568	11	1	Day11,10:37	Day11,10:47	Day11,11:32	1	1	34	AH(34);
o569	11	2	Day11,10:37	Day11,10:47	Day11,11:42	3	1	32	AP(32);
o570	11	1	Day11,11:24	Day11,11:34	Day11,12:19	2	1	34	AJ(34);
o571	11	2	Day11,11:24	Day11,11:34	Day11,12:29	4	1	34	AX(34);
o572	11	1	Day11,12:5	Day11,12:15	Day11,13:0	1	1	36	AK(36);
o573	11	2	Day11,12:5	Day11,12:15	Day11,13:10	3	1	33	AS(33);
o574	11	1	Day11,12:38	Day11,12:48	Day11,13:33	2	1	37	BG(37);
o575	11	2	Day11,12:38	Day11,12:48	Day11,13:43	5	1	33	AU(33);
o576	11	1	Day11,13:15	Day11,13:25	Day11,14:10	1	1	36	AR(36);
o577	11	2	Day11,13:15	Day11,13:25	Day11,14:20	4	1	36	AW(36);
o578	11	2	Day11,13:25	Day11,13:35	Day11,14:30	3	1	33	AE(33);
o579	11	2	Day11,13:35	Day11,13:45	Day11,14:40	6	1	31	BB(31);
o580	11	2	Day11,13:45	Day11,13:55	Day11,14:50	5	1	30	AC(30);
o581	11	2	Day11,13:55	Day11,14:5	Day11,15:0	7	1	30	AI(30);
o582	11	1	Day11,13:57	Day11,14:7	Day11,15:10	2	1	42	AV(42);
o583	11	2	Day11,14:30	Day11,14:40	Day11,15:25	1	1	33	AY(33);
o584	11	1	Day11,14:30	Day11,14:40	Day11,15:35	4	1	31	AD(31);
o585	11	1	Day11,16:24	Day11,16:34	Day11,17:19	3	1	35	AH(35);
o586	11	2	Day11,17:34	Day11,17:44	Day11,18:29	1	1	31	BA(31);
o587	11	1	Day11,17:34	Day11,17:44	Day11,18:39	2	1	31	BF(31);
o588	11	1	Day11,18:16	Day11,18:26	Day11,19:11	3	1	34	AW(34);
o589	11	2	Day11,18:16	Day11,18:26	Day11,19:21	4	1	30	AN(30);
o590	11	1	Day11,19:7	Day11,19:17	Day11,20:2	1	1	32	AV(32);
o591	11	2	Day11,19:7	Day11,19:17	Day11,20:12	5	1	32	AP(32);
o592	11	1	Day11,19:40	Day11,19:50	Day11,20:35	2	1	36	AK(36);
o593	11	2	Day11,19:40	Day11,19:50	Day11,20:45	3	1	33	AF(33);
o594	11	1	Day11,20:35	Day11,20:45	Day11,21:30	1	1	35	AX(35);
o595	11	2	Day11,20:35	Day11,20:45	Day11,21:40	4	1	31	AJ(31);
o596	11	1	Day11,21:8	Day11,21:18	Day11,22:3	2	1	31	AB(31);
o597	11	2	Day11,21:8	Day11,21:18	Day11,22:13	3	1	30	AH(30);
o598	11	2	Day11,21:18	Day11,21:28	Day11,22:23	5	1	30	BC(30);
o599	11	2	Day11,21:28	Day11,21:38	Day11,22:33	6	1	29	AL(29);
o600	11	1	Day11,21:36	Day11,21:46	Day11,22:43	1	1	30	AO(30);
o601	12	1	Day11,22:47	Day11,22:57	Day11,23:42	2	1	32	BG(32);
o602	12	2	Day11,22:47	Day11,22:57	Day11,23:52	4	1	32	AW(32);
o603	12	1	Day11,22:57	Day11,23:7	Day12,0:2	1	1	31	AM(31);
o604	12	2	Day11,23:29	Day11,23:39	Day12,0:24	3	1	31	AY(31);
o605	12	1	Day11,23:29	Day11,23:39	Day12,0:34	5	1	30	BE(30);
o606	12	1	Day12,0:1	Day12,0:11	Day12,0:56	2	1	31	AD(31);
o607	12	2	Day12,0:1	Day12,0:11	Day12,1:6	6	1	30	AA(30);
o608	12	1	Day12,0:48	Day12,0:58	Day12,1:43	1	1	30	BB(30);
o609	12	2	Day12,0:48	Day12,0:58	Day12,1:53	3	1	29	AP(29);
o610	12	1	Day12,3:0	Day12,3:10	Day12,3:55	2	1	40	AH(40);
o611	12	2	Day12,3:0	Day12,3:10	Day12,4:5	4	1	36	AK(36);
o612	12	1	Day12,3:37	Day12,3:47	Day12,4:32	1	1	33	AR(33);
o613	12	2	Day12,3:37	Day12,3:47	Day12,4:42	3	1	31	AN(31);
o614	12	1	Day12,7:6	Day12,7:16	Day12,8:1	2	1	34	AF(34);
o615	12	2	Day12,7:6	Day12,7:16	Day12,8:11	5	1	32	BF(32);
o616	12	1	Day12,7:35	Day12,7:45	Day12,8:30	1	1	37	AB(37);
o617	12	2	Day12,7:35	Day12,7:45	Day12,8:40	3	1	35	AV(35);
o618	12	1	Day12,8:12	Day12,8:22	Day12,9:7	2	1	38	AW(38);
o619	12	2	Day12,8:12	Day12,8:22	Day12,9:17	4	1	36	AC(36);
o620	12	1	Day12,9:7	Day12,9:17	Day12,10:2	1	1	35	AE(35);
o621	12	2	Day12,9:7	Day12,9:17	Day12,10:12	5	1	34	AH(34);
o622	12	1	Day12,9:45	Day12,9:55	Day12,10:40	2	1	36	AX(36);
o623	12	2	Day12,9:45	Day12,9:55	Day12,10:50	3	1	35	AJ(35);
o624	12	2	Day12,9:55	Day12,10:5	Day12,11:0	4	1	33	AS(33);
o625	12	1	Day12,10:13	Day12,10:23	Day12,11:10	1	1	35	AP(35);
o626	12	2	Day12,10:13	Day12,10:23	Day12,11:20	5	1	32	AQ(32);
o627	12	1	Day12,10:41	Day12,10:51	Day12,11:36	2	1	35	AY(35);
o628	12	2	Day12,10:41	Day12,10:51	Day12,11:46	6	1	30	AU(30);
o629	12	1	Day12,12:45	Day12,12:55	Day12,13:40	3	1	31	AD(31);
o630	12	2	Day12,12:45	Day12,12:55	Day12,13:50	4	1	30	AG(30);
o631	12	1	Day12,13:59	Day12,14:9	Day12,14:54	1	1	38	AK(38);
o632	12	2	Day12,13:59	Day12,14:9	Day12,15:4	2	1	37	AH(37);
o633	12	1	Day12,14:50	Day12,15:0	Day12,15:45	3	1	43	AW(43);
o634	12	2	Day12,14:50	Day12,15:0	Day12,15:55	4	1	37	BG(37);
o635	12	1	Day12,15:31	Day12,15:41	Day12,16:26	1	1	38	AV(38);
o636	12	2	Day12,15:31	Day12,15:41	Day12,16:36	2	1	34	AZ(34);
o637	12	1	Day12,16:4	Day12,16:14	Day12,16:59	3	1	35	AA(35);
o638	12	2	Day12,16:4	Day12,16:14	Day12,17:9	5	1	35	AF(35);
o639	12	1	Day12,16:32	Day12,16:42	Day12,17:27	1	1	35	AN(35);
o640	12	2	Day12,16:32	Day12,16:42	Day12,17:37	4	1	32	BC(32);
o641	12	1	Day12,17:28	Day12,17:38	Day12,18:23	2	1	34	AR(34);
o642	12	2	Day12,17:28	Day12,17:38	Day12,18:33	3	1	33	AP(33);
o643	12	1	Day12,18:37	Day12,18:47	Day12,19:32	1	1	34	AH(34);
o644	12	2	Day12,18:37	Day12,18:47	Day12,19:42	2	1	34	AT(34);
o645	12	1	Day12,21:8	Day12,21:18	Day12,22:3	1	1	33	AJ(33);
o646	12	2	Day12,21:8	Day12,21:18	Day12,22:13	3	1	33	BB(33);
o647	12	1	Day12,21:32	Day12,21:42	Day12,22:27	2	1	33	BF(33);
o648	12	2	Day12,21:32	Day12,21:42	Day12,22:37	4	1	33	AX(33);
o649	13	1	Day12,22:51	Day12,23:1	Day12,23:46	1	1	34	AW(34);
o650	13	2	Day12,22:51	Day12,23:1	Day12,23:56	5	1	33	AY(33);
o651	13	2	Day12,23:1	Day12,23:11	Day13,0:6	2	1	31	BD(31);
o652	13	2	Day12,23:11	Day12,23:21	Day13,0:16	3	1	27	AE(27);
o653	13	1	Day13,1:4	Day13,1:14	Day13,1:59	1	1	34	BE(34);
o654	13	2	Day13,1:4	Day13,1:14	Day13,2:9	4	1	27	AM(27);
o655	13	1	Day13,1:55	Day13,2:5	Day13,2:50	2	1	34	AV(34);
o656	13	2	Day13,1:55	Day13,2:5	Day13,3:0	3	1	29	BG(29);
o657	13	1	Day13,2:59	Day13,3:9	Day13,3:54	1	1	33	AK(33);
o658	13	2	Day13,2:59	Day13,3:9	Day13,4:4	4	1	33	AH(33);
o659	13	1	Day13,3:46	Day13,3:56	Day13,4:41	2	1	36	AC(36);
o660	13	2	Day13,3:46	Day13,3:56	Day13,4:51	3	1	32	AD(32);
o661	13	1	Day13,4:50	Day13,5:0	Day13,5:45	1	1	35	AB(35);
o662	13	2	Day13,4:50	Day13,5:0	Day13,5:55	4	1	33	AP(33);
o663	13	1	Day13,5:32	Day13,5:42	Day13,6:27	2	1	34	AR(34);
o664	13	2	Day13,5:32	Day13,5:42	Day13,6:37	3	1	33	AW(33);
o665	13	2	Day13,5:42	Day13,5:52	Day13,6:47	5	1	33	AI(33);
o666	13	2	Day13,5:52	Day13,6:2	Day13,6:57	6	1	31	AX(31);
o667	13	1	Day13,6:0	Day13,6:10	Day13,7:7	1	1	34	AF(34);
o668	13	2	Day13,6:47	Day13,6:57	Day13,7:42	2	1	33	AH(33);
o669	13	1	Day13,6:47	Day13,6:57	Day13,7:52	4	1	33	AN(33);
o670	13	2	Day13,6:57	Day13,7:7	Day13,8:2	5	1	31	AS(31);
o671	13	2	Day13,7:29	Day13,7:39	Day13,8:24	1	1	26	AV(26);
o672	13	1	Day13,7:29	Day13,7:39	Day13,8:34	3	1	31	AQ(31);
o673	13	1	Day13,8:10	Day13,8:20	Day13,9:5	2	1	29	AA(29);
o674	13	2	Day13,8:10	Day13,8:20	Day13,9:15	6	1	28	AJ(28);
o675	13	1	Day13,9:43	Day13,9:53	Day13,10:38	1	1	31	AY(31);
o676	13	2	Day13,9:43	Day13,9:53	Day13,10:48	4	1	30	AW(30);
o677	13	1	Day13,10:25	Day13,10:35	Day13,11:20	2	1	37	BG(37);
o678	13	2	Day13,10:25	Day13,10:35	Day13,11:30	3	1	33	AK(33);
o679	13	1	Day13,12:28	Day13,12:38	Day13,13:23	1	1	32	AH(32);
o680	13	2	Day13,12:28	Day13,12:38	Day13,13:33	5	1	31	BF(31);
o681	13	1	Day13,13:15	Day13,13:25	Day13,14:10	2	1	35	AP(35);
o682	13	2	Day13,13:15	Day13,13:25	Day13,14:20	3	1	30	AU(30);
o683	13	1	Day13,13:48	Day13,13:58	Day13,14:43	1	1	30	BB(30);
o684	13	2	Day13,13:48	Day13,13:58	Day13,14:53	4	1	30	AD(30);
o685	13	1	Day13,15:6	Day13,15:16	Day13,16:1	2	1	34	AC(34);
o686	13	2	Day13,15:6	Day13,15:16	Day13,16:11	5	1	34	AF(34);
o687	13	1	Day13,15:48	Day13,15:58	Day13,16:43	1	1	36	AN(36);
o688	13	2	Day13,15:48	Day13,15:58	Day13,16:53	3	1	35	AE(35);
o689	13	1	Day13,16:34	Day13,16:44	Day13,17:29	2	1	38	AX(38);
o690	13	2	Day13,16:34	Day13,16:44	Day13,17:39	4	1	38	AW(38);
o691	13	1	Day13,17:43	Day13,17:53	Day13,18:38	1	1	45	AH(45);
o692	13	2	Day13,17:43	Day13,17:53	Day13,18:48	3	1	43	AR(43);
o693	13	1	Day13,18:38	Day13,18:48	Day13,19:33	1	1	45	AV(45);
o694	13	2	Day13,18:38	Day13,18:48	Day13,19:43	2	1	41	AK(41);
o695	13	1	Day13,19:25	Day13,19:35	Day13,20:20	3	1	43	BE(43);
o696	13	2	Day13,19:25	Day13,19:35	Day13,20:30	4	1	37	AY(37);
o697	13	2	Day13,19:35	Day13,19:45	Day13,20:40	5	1	37	BC(37);
o698	13	1	Day13,19:58	Day13,20:8	Day13,20:53	1	1	37	AM(37);
o699	13	2	Day13,19:58	Day13,20:8	Day13,21:3	2	1	36	AJ(36);
o700	13	2	Day13,20:8	Day13,20:18	Day13,21:13	6	1	34	AB(34);
o701	13	1	Day13,20:26	Day13,20:36	Day13,21:23	3	1	37	AP(37);
o702	13	2	Day13,20:26	Day13,20:36	Day13,21:33	7	1	33	AD(33);
o703	13	1	Day13,20:54	Day13,21:4	Day13,21:49	4	1	34	BG(34);
o704	13	1	Day13,21:4	Day13,21:14	Day13,21:59	1	1	33	AG(33);
o705	13	2	Day13,21:18	Day13,21:28	Day13,22:13	2	1	33	AT(33);
o706	13	1	Day13,21:18	Day13,21:28	Day13,22:23	5	1	33	AL(33);
o707	13	1	Day13,21:41	Day13,21:51	Day13,22:36	3	1	31	AW(31);
o708	13	2	Day13,21:41	Day13,21:51	Day13,22:46	6	1	28	BA(28);
o709	14	1	Day13,22:23	Day13,22:33	Day13,23:18	1	1	42	AH(42);
o710	14	2	Day13,22:23	Day13,22:33	Day13,23:28	4	1	30	BF(30);
o711	14	1	Day13,23:14	Day13,23:24	Day14,0:9	2	1	31	AX(31);
o712	14	2	Day13,23:14	Day13,23:24	Day14,0:19	3	1	30	BB(30);
o713	14	1	Day14,0:18	Day14,0:28	Day14,1:13	1	1	31	AV(31);
o714	14	2	Day14,0:18	Day14,0:28	Day14,1:23	4	1	30	AF(30);
o715	14	1	Day14,1:14	Day14,1:24	Day14,2:9	1	1	36	AK(36);
o716	14	2	Day14,1:14	Day14,1:24	Day14,2:19	2	1	31	AW(31);
o717	14	1	Day14,4:5	Day14,4:15	Day14,5:0	1	1	36	AN(36);
o718	14	2	Day14,4:5	Day14,4:15	Day14,5:10	3	1	31	AH(31);
o719	14	2	Day14,4:15	Day14,4:25	Day14,5:20	4	1	31	AO(31);
o720	14	1	Day14,4:28	Day14,4:38	Day14,5:30	2	1	32	AR(32);
o721	14	2	Day14,4:28	Day14,4:38	Day14,5:40	5	1	30	AZ(30);
o722	14	2	Day14,4:38	Day14,4:48	Day14,5:50	6	1	28	AQ(28);
o723	14	2	Day14,4:48	Day14,4:58	Day14,6:0	7	1	28	AS(28);
o724	14	1	Day14,9:48	Day14,9:58	Day14,10:43	1	1	31	AA(31);
o725	14	2	Day14,9:48	Day14,9:58	Day14,10:53	3	1	28	BG(28);
o726	14	1	Day14,11:37	Day14,11:47	Day14,12:32	1	1	31	AP(31);
o727	14	2	Day14,11:37	Day14,11:47	Day14,12:42	2	1	29	AC(29);
o728	14	1	Day14,13:18	Day14,13:28	Day14,14:13	1	1	33	AB(33);
o729	14	2	Day14,13:18	Day14,13:28	Day14,14:23	3	1	33	AD(33);
o730	14	1	Day14,14:4	Day14,14:14	Day14,14:59	2	1	34	AJ(34);
o731	14	2	Day14,14:4	Day14,14:14	Day14,15:9	4	1	33	AY(33);
o732	14	1	Day14,14:32	Day14,14:42	Day14,15:27	1	1	34	AW(34);
o733	14	2	Day14,14:32	Day14,14:42	Day14,15:37	3	1	34	AH(34);
o734	14	1	Day14,15:0	Day14,15:10	Day14,15:55	2	1	34	AV(34);
o735	14	2	Day14,15:0	Day14,15:10	Day14,16:5	5	1	33	AX(33);
o736	14	2	Day14,15:10	Day14,15:20	Day14,16:15	4	1	32	AU(32);
o737	14	2	Day14,15:20	Day14,15:30	Day14,16:25	6	1	28	BD(28);
o738	14	1	Day14,15:29	Day14,15:39	Day14,16:35	1	1	32	AE(32);
o739	14	1	Day14,17:38	Day14,17:48	Day14,18:33	2	1	30	AM(30);
o740	14	2	Day14,17:38	Day14,17:48	Day14,18:43	3	1	36	BE(36);
o741	14	1	Day14,18:34	Day14,18:44	Day14,19:29	1	1	39	AK(39);
o742	14	2	Day14,18:34	Day14,18:44	Day14,19:39	2	1	35	AP(35);
o743	14	1	Day14,19:24	Day14,19:34	Day14,20:19	3	1	37	AF(37);
o744	14	2	Day14,19:24	Day14,19:34	Day14,20:29	4	1	36	AW(36);
o745	14	1	Day14,20:11	Day14,20:21	Day14,21:6	1	1	34	AN(34);
o746	14	2	Day14,20:11	Day14,20:21	Day14,21:16	2	1	30	AH(30);
o747	14	1	Day14,21:2	Day14,21:12	Day14,21:57	3	1	32	AR(32);
o748	14	2	Day14,21:2	Day14,21:12	Day14,22:7	4	1	31	BG(31);
o749	14	1	Day14,21:44	Day14,21:54	Day14,22:39	1	1	32	AX(32);
o750	14	2	Day14,21:44	Day14,21:54	Day14,22:49	2	1	30	AI(30);
o751	15	1	Day14,22:21	Day14,22:31	Day14,23:16	3	1	31	BB(31);
o752	15	2	Day14,22:21	Day14,22:31	Day14,23:26	5	1	30	BC(30);
o753	15	1	Day14,22:58	Day14,23:8	Day14,23:53	1	1	34	AV(34);
o754	15	2	Day14,22:58	Day14,23:8	Day15,0:3	4	1	30	AC(30);
o755	15	1	Day14,23:40	Day14,23:50	Day15,0:35	2	1	32	AW(32);
o756	15	2	Day14,23:40	Day14,23:50	Day15,0:45	3	1	32	AQ(32);
o757	15	1	Day15,0:17	Day15,0:27	Day15,1:12	1	1	38	AK(38);
o758	15	2	Day15,0:17	Day15,0:27	Day15,1:22	5	1	35	AP(35);
o759	15	1	Day15,0:54	Day15,1:4	Day15,1:49	2	1	35	AH(35);
o760	15	2	Day15,0:54	Day15,1:4	Day15,1:59	4	1	33	AY(33);
o761	15	1	Day15,1:27	Day15,1:37	Day15,2:22	1	1	34	AJ(34);
o762	15	2	Day15,1:27	Day15,1:37	Day15,2:32	3	1	30	BF(30);
o763	15	1	Day15,1:55	Day15,2:5	Day15,2:50	2	1	30	AD(30);
o764	15	2	Day15,1:55	Day15,2:5	Day15,3:0	5	1	26	AU(26);
o765	15	1	Day15,2:19	Day15,2:29	Day15,3:14	4	1	27	AF(27);
o766	15	2	Day15,2:19	Day15,2:29	Day15,3:24	6	1	26	AN(26);
o767	15	1	Day15,3:10	Day15,3:20	Day15,4:5	1	1	30	AX(30);
o768	15	2	Day15,3:10	Day15,3:20	Day15,4:15	3	1	29	AB(29);
o769	15	1	Day15,3:52	Day15,4:2	Day15,4:47	2	1	29	AV(29);
o770	15	2	Day15,3:52	Day15,4:2	Day15,4:57	4	1	28	AW(28);
o771	15	2	Day15,4:2	Day15,4:12	Day15,5:7	5	1	28	AS(28);
o772	15	1	Day15,4:34	Day15,4:44	Day15,5:29	1	1	33	AR(33);
o773	15	2	Day15,4:34	Day15,4:44	Day15,5:39	3	1	27	AT(27);
o774	15	1	Day15,5:24	Day15,5:34	Day15,6:19	2	1	31	AP(31);
o775	15	2	Day15,5:24	Day15,5:34	Day15,6:29	6	1	30	AE(30);
o776	15	1	Day15,6:29	Day15,6:39	Day15,7:24	1	1	38	AH(38);
o777	15	2	Day15,6:29	Day15,6:39	Day15,7:34	3	1	34	BG(34);
o778	15	1	Day15,7:11	Day15,7:21	Day15,8:6	2	1	36	AK(36);
o779	15	2	Day15,7:11	Day15,7:21	Day15,8:16	4	1	34	BB(34);
o780	15	1	Day15,7:44	Day15,7:54	Day15,8:39	1	1	35	AW(35);
o781	15	2	Day15,7:44	Day15,7:54	Day15,8:49	5	1	35	AM(35);
o782	15	2	Day15,7:54	Day15,8:4	Day15,8:59	3	1	31	BE(31);
o783	15	2	Day15,8:4	Day15,8:14	Day15,9:9	6	1	30	AA(30);
o784	15	1	Day15,8:16	Day15,8:26	Day15,9:19	2	1	35	AF(35);
o785	15	2	Day15,8:16	Day15,8:26	Day15,9:29	4	1	28	AV(28);
o786	15	1	Day15,10:21	Day15,10:31	Day15,11:16	1	1	28	AN(28);
o787	15	2	Day15,10:21	Day15,10:31	Day15,11:26	7	1	28	AX(28);
o788	15	1	Day15,11:59	Day15,12:9	Day15,12:54	1	1	32	AD(32);
o789	15	2	Day15,11:59	Day15,12:9	Day15,13:4	2	1	30	AH(30);
o790	15	1	Day15,14:14	Day15,14:24	Day15,15:9	1	1	28	AP(28);
o791	15	2	Day15,14:14	Day15,14:24	Day15,15:19	3	1	28	AY(28);
o792	15	1	Day15,14:56	Day15,15:6	Day15,15:51	2	1	30	AK(30);
o793	15	2	Day15,14:56	Day15,15:6	Day15,16:1	4	1	29	AL(29);
o794	15	2	Day15,15:6	Day15,15:16	Day15,16:11	5	1	28	AC(28);
o795	15	1	Day15,15:20	Day15,15:30	Day15,16:21	1	1	30	AW(30);
o796	15	2	Day15,15:20	Day15,15:30	Day15,16:31	3	1	27	AJ(27);
o797	15	1	Day15,15:48	Day15,15:58	Day15,16:43	6	1	28	AR(28);
o798	15	2	Day15,15:48	Day15,15:58	Day15,16:53	7	1	27	BF(27);
o799	15	1	Day15,16:43	Day15,16:53	Day15,17:38	2	1	28	AH(28);
o800	15	2	Day15,16:43	Day15,16:53	Day15,17:48	4	1	27	AG(27);
o801	15	1	Day15,17:20	Day15,17:30	Day15,18:15	1	1	29	AB(29);
o802	15	2	Day15,17:20	Day15,17:30	Day15,18:25	3	1	28	AU(28);
o803	15	1	Day15,18:20	Day15,18:30	Day15,19:15	2	1	34	AV(34);
o804	15	2	Day15,18:20	Day15,18:30	Day15,19:25	5	1	30	AX(30);
o805	15	1	Day15,19:30	Day15,19:40	Day15,20:25	1	1	33	BG(33);
o806	15	2	Day15,19:30	Day15,19:40	Day15,20:35	2	1	33	AF(33);
o807	15	1	Day15,20:25	Day15,20:35	Day15,21:20	1	1	38	AP(38);
o808	15	2	Day15,20:25	Day15,20:35	Day15,21:30	3	1	36	BC(36);
o809	15	1	Day15,21:20	Day15,21:30	Day15,22:15	1	1	44	AW(44);
o810	15	2	Day15,21:20	Day15,21:30	Day15,22:25	2	1	44	AH(44);
o811	16	1	Day15,22:16	Day15,22:26	Day15,23:11	1	1	40	AY(40);
o812	16	2	Day15,22:16	Day15,22:26	Day15,23:21	3	1	40	AN(40);
o813	16	1	Day15,23:11	Day15,23:21	Day16,0:6	1	1	39	AJ(39);
o814	16	2	Day15,23:11	Day15,23:21	Day16,0:16	2	1	39	AE(39);
o815	16	1	Day16,0:2	Day16,0:12	Day16,0:57	3	1	44	AK(44);
o816	16	2	Day16,0:2	Day16,0:12	Day16,1:7	4	1	42	BB(42);
o817	16	1	Day16,0:49	Day16,0:59	Day16,1:44	1	1	38	AD(38);
o818	16	2	Day16,0:49	Day16,0:59	Day16,1:54	2	1	34	AV(34);
o819	16	1	Day16,1:35	Day16,1:45	Day16,2:30	3	1	42	AH(42);
o820	16	2	Day16,1:35	Day16,1:45	Day16,2:40	4	1	35	AX(35);
o821	16	1	Day16,2:21	Day16,2:31	Day16,3:16	1	1	40	AR(40);
o822	16	2	Day16,2:21	Day16,2:31	Day16,3:26	2	1	36	AW(36);
o823	16	1	Day16,3:3	Day16,3:13	Day16,3:58	3	1	41	AF(41);
o824	16	2	Day16,3:3	Day16,3:13	Day16,4:8	4	1	38	BE(38);
o825	16	1	Day16,3:45	Day16,3:55	Day16,4:40	1	1	40	AA(40);
o826	16	2	Day16,3:45	Day16,3:55	Day16,4:50	5	1	38	AP(38);
o827	16	1	Day16,3:55	Day16,4:5	Day16,5:0	2	1	38	AC(38);
o828	16	2	Day16,4:27	Day16,4:37	Day16,5:22	3	1	37	AB(37);
o829	16	1	Day16,4:27	Day16,4:37	Day16,5:32	4	1	35	BF(35);
o830	16	1	Day16,5:9	Day16,5:19	Day16,6:4	1	1	36	AY(36);
o831	16	2	Day16,5:9	Day16,5:19	Day16,6:14	6	1	35	AT(35);
o832	16	1	Day16,5:46	Day16,5:56	Day16,6:41	2	1	38	AH(38);
o833	16	2	Day16,5:46	Day16,5:56	Day16,6:51	3	1	34	AQ(34);
o834	16	1	Day16,6:41	Day16,6:51	Day16,7:36	1	1	36	AN(36);
o835	16	2	Day16,6:41	Day16,6:51	Day16,7:46	4	1	35	BG(35);
o836	16	1	Day16,7:28	Day16,7:38	Day16,8:23	2	1	39	AW(39);
o837	16	2	Day16,7:28	Day16,7:38	Day16,8:33	3	1	37	AV(37);
o838	16	1	Day16,8:5	Day16,8:15	Day16,9:0	1	1	40	AS(40);
o839	16	2	Day16,8:5	Day16,8:15	Day16,9:10	4	1	36	AJ(36);
o840	16	1	Day16,8:38	Day16,8:48	Day16,9:33	2	1	36	AF(36);
o841	16	2	Day16,8:38	Day16,8:48	Day16,9:43	5	1	34	AD(34);
o842	16	1	Day16,9:10	Day16,9:20	Day16,10:5	1	1	35	AK(35);
o843	16	2	Day16,9:10	Day16,9:20	Day16,10:15	3	1	34	AM(34);
o844	16	2	Day16,9:20	Day16,9:30	Day16,10:25	4	1	34	AZ(34);
o845	16	1	Day16,9:43	Day16,9:53	Day16,10:38	2	1	36	AR(36);
o846	16	2	Day16,9:43	Day16,9:53	Day16,10:48	6	1	32	BD(32);
o847	16	1	Day16,10:30	Day16,10:40	Day16,11:25	1	1	36	AH(36);
o848	16	2	Day16,10:30	Day16,10:40	Day16,11:35	5	1	34	AU(34);
o849	16	1	Day16,10:58	Day16,11:8	Day16,11:53	2	1	34	AX(34);
o850	16	2	Day16,10:58	Day16,11:8	Day16,12:3	3	1	34	AP(34);
o851	16	1	Day16,11:26	Day16,11:36	Day16,12:21	1	1	34	AW(34);
o852	16	2	Day16,11:26	Day16,11:36	Day16,12:31	4	1	33	AE(33);
o853	16	1	Day16,11:54	Day16,12:4	Day16,12:49	2	1	34	BB(34);
o854	16	2	Day16,11:54	Day16,12:4	Day16,12:59	5	1	30	BA(30);
o855	16	2	Day16,12:4	Day16,12:14	Day16,13:9	3	1	27	AO(27);
o856	16	2	Day16,12:14	Day16,12:24	Day16,13:19	6	1	25	AG(25);
o857	16	1	Day16,12:22	Day16,12:32	Day16,13:29	1	1	31	BF(31);
o858	16	1	Day16,13:0	Day16,13:10	Day16,13:55	2	1	25	AC(25);
o859	16	2	Day16,13:0	Day16,13:10	Day16,14:5	4	1	29	BE(29);
o860	16	1	Day16,13:23	Day16,13:33	Day16,14:18	3	1	26	AI(26);
o861	16	2	Day16,13:23	Day16,13:33	Day16,14:28	5	1	25	AH(25);
o862	16	1	Day16,13:47	Day16,13:57	Day16,14:42	1	1	28	AV(28);
o863	16	2	Day16,13:47	Day16,13:57	Day16,14:52	6	1	25	AN(25);
o864	16	1	Day16,14:33	Day16,14:43	Day16,15:28	2	1	29	AJ(29);
o865	16	2	Day16,14:33	Day16,14:43	Day16,15:38	4	1	27	BG(27);
o866	16	1	Day16,15:24	Day16,15:34	Day16,16:19	1	1	33	AK(33);
o867	16	2	Day16,15:24	Day16,15:34	Day16,16:29	3	1	28	AY(28);
o868	16	1	Day16,16:6	Day16,16:16	Day16,17:1	2	1	29	AB(29);
o869	16	2	Day16,16:6	Day16,16:16	Day16,17:11	4	1	29	AD(29);
o870	16	2	Day16,16:16	Day16,16:26	Day16,17:21	5	1	28	BC(28);
o871	16	1	Day16,16:30	Day16,16:40	Day16,17:31	1	1	31	AW(31);
o872	16	2	Day16,16:30	Day16,16:40	Day16,17:41	3	1	27	AF(27);
o873	16	1	Day16,16:40	Day16,16:50	Day16,17:51	6	1	26	AR(26);
o874	16	2	Day16,16:53	Day16,17:3	Day16,18:1	7	1	26	AH(26);
o875	16	1	Day16,17:35	Day16,17:45	Day16,18:30	2	1	28	AP(28);
o876	16	1	Day16,17:45	Day16,17:55	Day16,18:40	3	1	25	AL(25);
o877	16	2	Day16,17:59	Day16,18:9	Day16,18:54	1	1	25	AJ(25);
o878	16	1	Day16,17:55	Day16,18:20	Day16,19:5	4	2	39	AA(24);BE(15);
o879	16	2	Day16,18:22	Day16,18:32	Day16,19:17	5	1	25	AE(25);
o880	16	1	Day16,18:22	Day16,18:47	Day16,19:32	6	2	32	AQ(24);BD(8);
o881	16	2	Day16,18:46	Day16,19:11	Day16,19:56	2	2	33	AX(23);AC(10);
o882	16	1	Day16,19:14	Day16,19:39	Day16,20:24	1	2	35	AV(23);AZ(12);
o883	16	2	Day16,19:14	Day16,19:39	Day16,20:34	3	2	40	AU(22);AS(18);
o884	16	1	Day16,20:0	Day16,20:10	Day16,20:55	2	1	28	AH(28);
o885	16	2	Day16,20:0	Day16,20:25	Day16,21:10	4	2	43	AT(23);AK(20);
o886	16	1	Day16,21:14	Day16,21:24	Day16,22:9	1	1	30	AY(30);
o887	16	2	Day16,21:14	Day16,21:24	Day16,22:19	3	1	26	AW(26);
o888	16	1	Day16,21:56	Day16,22:6	Day16,22:51	2	1	27	AF(27);
o889	17	2	Day16,21:56	Day16,22:21	Day16,23:6	4	2	33	AX(23);AC(10);
o890	17	1	Day16,22:29	Day16,22:39	Day16,23:24	1	1	26	AH(26);
o891	17	2	Day16,22:29	Day16,22:39	Day16,23:34	3	1	26	BB(26);
o892	17	1	Day16,23:6	Day16,23:16	Day17,0:1	2	1	26	AN(26);
o893	17	2	Day16,23:6	Day16,23:16	Day17,0:11	5	1	25	AP(25);
o894	17	1	Day16,23:34	Day16,23:44	Day17,0:29	1	1	28	BG(28);
o895	17	2	Day16,23:34	Day16,23:44	Day17,0:39	4	1	26	AM(26);
o896	17	1	Day17,0:11	Day17,0:21	Day17,1:6	2	1	30	AB(30);
o897	17	2	Day17,0:11	Day17,0:21	Day17,1:16	3	1	28	AD(28);
o898	17	1	Day17,0:49	Day17,0:59	Day17,1:44	1	1	28	AV(28);
o899	17	2	Day17,0:49	Day17,0:59	Day17,1:54	5	1	28	AR(28);
o900	17	2	Day17,0:59	Day17,1:9	Day17,2:4	4	1	26	BF(26);
o901	17	1	Day17,1:17	Day17,1:27	Day17,2:14	2	1	27	AJ(27);
o902	17	2	Day17,1:17	Day17,1:42	Day17,2:27	3	2	39	AW(24);AY(15);
o903	17	1	Day17,1:59	Day17,2:9	Day17,2:54	1	1	28	AH(28);
o904	17	2	Day17,1:59	Day17,2:9	Day17,3:4	6	1	25	AK(25);
o905	17	1	Day17,7:19	Day17,7:44	Day17,8:29	2	2	39	AX(23);AG(16);
o906	17	2	Day17,7:19	Day17,7:44	Day17,8:39	4	2	40	BE(22);AA(18);
o907	17	1	Day17,9:56	Day17,10:21	Day17,11:6	1	2	43	AE(24);AH(19);
o908	17	2	Day17,9:56	Day17,10:21	Day17,11:16	2	2	37	AW(23);AF(14);
o909	17	1	Day17,10:52	Day17,11:2	Day17,11:47	3	1	30	AP(30);
o910	17	2	Day17,10:52	Day17,11:2	Day17,11:57	4	1	25	AN(25);
o911	17	1	Day17,11:47	Day17,11:57	Day17,12:42	1	1	26	AD(26);
o912	17	2	Day17,11:47	Day17,11:57	Day17,12:52	5	1	25	BG(25);
o913	17	1	Day17,12:34	Day17,12:44	Day17,13:29	2	1	32	AH(32);
o914	17	2	Day17,12:34	Day17,12:44	Day17,13:39	3	1	25	AK(25);
o915	17	1	Day17,13:6	Day17,13:16	Day17,14:1	1	1	30	AW(30);
o916	17	2	Day17,13:6	Day17,13:16	Day17,14:11	4	1	25	AC(25);
o917	17	1	Day17,15:20	Day17,15:30	Day17,16:15	2	1	27	AV(27);
o918	17	2	Day17,15:20	Day17,15:30	Day17,16:25	5	1	27	AY(27);
o919	17	1	Day17,16:20	Day17,16:30	Day17,17:15	1	1	33	AJ(33);
o920	17	2	Day17,16:20	Day17,16:30	Day17,17:25	2	1	31	AX(31);
o921	17	1	Day17,17:15	Day17,17:25	Day17,18:10	1	1	33	AB(33);
o922	17	2	Day17,17:15	Day17,17:25	Day17,18:20	3	1	31	AU(31);
o923	17	1	Day17,18:1	Day17,18:11	Day17,18:56	2	1	42	AH(42);
o924	17	2	Day17,18:1	Day17,18:11	Day17,19:6	4	1	37	AW(37);
o925	17	1	Day17,18:34	Day17,18:44	Day17,19:29	1	1	36	AP(36);
o926	17	2	Day17,18:34	Day17,18:44	Day17,19:39	3	1	33	AQ(33);
o927	17	1	Day17,19:2	Day17,19:12	Day17,19:57	2	1	33	AR(33);
o928	17	2	Day17,19:2	Day17,19:12	Day17,20:7	5	1	33	BF(33);
o929	17	1	Day17,19:40	Day17,19:50	Day17,20:35	1	1	33	AT(33);
o930	17	2	Day17,19:40	Day17,19:50	Day17,20:45	4	1	31	AN(31);
o931	17	1	Day17,20:40	Day17,20:50	Day17,21:35	2	1	33	AF(33);
o932	17	2	Day17,20:40	Day17,20:50	Day17,21:45	3	1	33	BC(33);
o933	17	1	Day17,21:21	Day17,21:31	Day17,22:16	1	1	35	AK(35);
o934	17	2	Day17,21:21	Day17,21:31	Day17,22:26	4	1	34	BB(34);
o935	17	1	Day17,21:50	Day17,22:0	Day17,22:45	2	1	35	AH(35);
o936	17	2	Day17,21:50	Day17,22:0	Day17,22:55	5	1	32	AA(32);
o937	18	1	Day17,22:31	Day17,22:41	Day17,23:26	1	1	35	AS(35);
o938	18	2	Day17,22:31	Day17,22:41	Day17,23:36	3	1	33	AY(33);
o939	18	1	Day17,23:13	Day17,23:23	Day18,0:8	2	1	37	AD(37);
o940	18	2	Day17,23:13	Day17,23:23	Day18,0:18	4	1	35	AJ(35);
o941	18	1	Day17,23:50	Day18,0:0	Day18,0:45	1	1	37	AX(37);
o942	18	2	Day17,23:50	Day18,0:0	Day18,0:55	5	1	36	BG(36);
o943	18	1	Day18,0:14	Day18,0:24	Day18,1:9	2	1	36	AW(36);
o944	18	2	Day18,0:14	Day18,0:24	Day18,1:19	3	1	36	AP(36);
o945	18	1	Day18,1:28	Day18,1:38	Day18,2:23	1	1	36	BE(36);
o946	18	2	Day18,1:28	Day18,1:38	Day18,2:33	4	1	36	AM(36);
o947	18	1	Day18,2:10	Day18,2:20	Day18,3:5	2	1	38	AH(38);
o948	18	2	Day18,2:10	Day18,2:20	Day18,3:15	3	1	38	AV(38);
o949	18	2	Day18,2:20	Day18,2:30	Day18,3:25	5	1	32	AC(32);
o950	18	2	Day18,2:30	Day18,2:40	Day18,3:35	6	1	31	AL(31);
o951	18	1	Day18,2:33	Day18,2:43	Day18,3:45	1	1	34	AF(34);
o952	18	2	Day18,3:41	Day18,3:51	Day18,4:36	2	1	38	AB(38);
o953	18	1	Day18,3:41	Day18,3:51	Day18,4:46	4	1	37	AW(37);
o954	18	2	Day18,3:51	Day18,4:1	Day18,4:56	3	1	30	AK(30);
o955	18	1	Day18,4:5	Day18,4:15	Day18,5:6	1	1	34	AR(34);
o956	18	2	Day18,4:5	Day18,4:15	Day18,5:16	5	1	29	AE(29);
o957	18	2	Day18,4:15	Day18,4:25	Day18,5:26	6	1	26	AZ(26);
o958	18	2	Day18,4:25	Day18,4:35	Day18,5:36	7	1	26	BA(26);
o959	18	1	Day18,4:42	Day18,4:52	Day18,5:46	2	1	31	AN(31);
o960	18	1	Day18,5:37	Day18,5:47	Day18,6:32	3	1	30	AP(30);
o961	18	2	Day18,5:37	Day18,5:47	Day18,6:42	4	1	31	BF(31);
o962	18	1	Day18,6:33	Day18,6:43	Day18,7:28	1	1	37	AH(37);
o963	18	2	Day18,6:33	Day18,6:43	Day18,7:38	2	1	32	AX(32);
o964	18	1	Day18,7:10	Day18,7:20	Day18,8:5	3	1	38	AJ(38);
o965	18	2	Day18,7:10	Day18,7:20	Day18,8:15	4	1	35	AV(35);
o966	18	1	Day18,7:38	Day18,7:48	Day18,8:33	1	1	30	AY(30);
o967	18	2	Day18,7:38	Day18,7:48	Day18,8:43	5	1	29	AD(29);
o968	18	2	Day18,7:48	Day18,7:58	Day18,8:53	6	1	29	BD(29);
o969	18	1	Day18,8:2	Day18,8:12	Day18,9:3	2	1	29	BG(29);
o970	18	2	Day18,8:2	Day18,8:12	Day18,9:13	7	1	28	AO(28);
o971	18	1	Day18,9:9	Day18,9:19	Day18,10:4	3	1	29	AQ(29);
o972	18	2	Day18,9:9	Day18,9:19	Day18,10:14	4	1	28	BB(28);
o973	18	1	Day18,11:8	Day18,11:18	Day18,12:3	1	1	31	AN(31);
o974	18	2	Day18,11:8	Day18,11:18	Day18,12:13	2	1	31	AU(31);
o975	18	1	Day18,11:45	Day18,11:55	Day18,12:40	3	1	34	AW(34);
o976	18	2	Day18,11:45	Day18,11:55	Day18,12:50	4	1	32	AH(32);
o977	18	1	Day18,12:22	Day18,12:32	Day18,13:17	1	1	33	AK(33);
o978	18	2	Day18,12:22	Day18,12:32	Day18,13:27	5	1	32	AR(32);
o979	18	1	Day18,12:59	Day18,13:9	Day18,13:54	2	1	36	AP(36);
o980	18	2	Day18,12:59	Day18,13:9	Day18,14:4	3	1	31	AF(31);
o981	18	1	Day18,13:28	Day18,13:38	Day18,14:23	1	1	30	AB(30);
o982	18	2	Day18,13:28	Day18,13:38	Day18,14:33	4	1	29	AI(29);
o983	18	1	Day18,13:51	Day18,14:1	Day18,14:46	5	1	28	AC(28);
o984	18	2	Day18,13:51	Day18,14:1	Day18,14:56	6	1	27	BC(27);
o985	18	1	Day18,15:23	Day18,15:33	Day18,16:18	2	1	27	BE(27);
o986	18	2	Day18,15:23	Day18,15:33	Day18,16:28	3	1	27	AA(27);
o987	18	1	Day18,16:0	Day18,16:10	Day18,16:55	1	1	30	AH(30);
o988	18	2	Day18,16:0	Day18,16:10	Day18,17:5	4	1	27	AS(27);
o989	18	1	Day18,17:38	Day18,17:48	Day18,18:33	2	1	34	BG(34);
o990	18	2	Day18,17:38	Day18,17:48	Day18,18:43	5	1	32	AW(32);
o991	18	1	Day18,18:33	Day18,18:43	Day18,19:28	1	1	37	AV(37);
o992	18	2	Day18,18:33	Day18,18:43	Day18,19:38	2	1	33	AY(33);
o993	18	1	Day18,19:42	Day18,19:52	Day18,20:37	1	1	37	AX(37);
o994	18	2	Day18,19:42	Day18,19:52	Day18,20:47	3	1	37	AK(37);
o995	18	1	Day18,20:29	Day18,20:39	Day18,21:24	2	1	43	AH(43);
o996	18	2	Day18,20:29	Day18,20:39	Day18,21:34	4	1	42	AJ(42);
o997	18	1	Day18,21:20	Day18,21:30	Day18,22:15	1	1	47	AP(47);
o998	18	2	Day18,21:20	Day18,21:30	Day18,22:25	3	1	36	AN(36);
o999	19	1	Day18,22:6	Day18,22:16	Day18,23:1	2	1	39	AR(39);
o1000	19	2	Day18,22:6	Day18,22:16	Day18,23:11	4	1	35	AE(35);
o1001	19	1	Day18,22:43	Day18,22:53	Day18,23:38	1	1	41	AW(41);
o1002	19	2	Day18,22:43	Day18,22:53	Day18,23:48	3	1	36	AF(36);
o1003	19	2	Day18,22:53	Day18,23:3	Day18,23:58	5	1	33	AT(33);
o1004	19	1	Day18,23:20	Day18,23:30	Day19,0:15	2	1	36	AD(36);
o1005	19	2	Day18,23:20	Day18,23:30	Day19,0:25	4	1	32	AV(32);
o1006	19	1	Day18,23:53	Day19,0:3	Day19,0:48	1	1	40	AH(40);
o1007	19	2	Day18,23:53	Day19,0:3	Day19,0:58	6	1	33	AM(33);
o1008	19	1	Day19,0:3	Day19,0:13	Day19,1:8	3	1	31	BB(31);
o1009	19	2	Day19,0:3	Day19,0:13	Day19,1:18	5	1	28	AK(28);
o1010	19	1	Day19,0:13	Day19,0:23	Day19,1:28	7	1	28	AB(28);
o1011	19	2	Day19,0:59	Day19,1:9	Day19,1:54	2	1	30	BF(30);
o1012	19	1	Day19,0:59	Day19,1:9	Day19,2:4	4	1	28	AG(28);
o1013	19	1	Day19,1:9	Day19,1:19	Day19,2:14	1	1	27	AQ(27);
o1014	19	2	Day19,1:36	Day19,2:1	Day19,2:46	3	2	42	AY(24);AR(18);
o1015	19	1	Day19,1:36	Day19,2:1	Day19,2:56	5	2	48	AC(24);AX(24);
o1016	19	1	Day19,2:1	Day19,2:26	Day19,3:11	2	2	43	BE(22);BC(21);
o1017	19	2	Day19,2:1	Day19,2:26	Day19,3:21	6	2	35	AV(21);AZ(14);
o1018	19	1	Day19,2:26	Day19,2:51	Day19,3:36	1	2	38	AU(21);AS(17);
o1019	19	2	Day19,2:26	Day19,2:51	Day19,3:46	4	2	40	BG(20);AP(20);
o1020	19	1	Day19,2:51	Day19,3:16	Day19,4:1	3	2	33	AL(20);AI(13);
o1021	19	2	Day19,2:51	Day19,3:16	Day19,4:11	7	2	40	AJ(20);AA(20);
o1022	19	1	Day19,3:16	Day19,3:41	Day19,4:26	2	2	33	AH(18);AK(15);
o1023	19	2	Day19,3:16	Day19,3:41	Day19,4:36	5	2	28	BA(16);AF(12);
